cohorte,semana,dia,pendientes,pct_pendientes,pagaran_en_plazo,eventos,tasa_base,contactos,aciertos,recall,precision,lift,recall_azar
Todas,1,0,2986,1.0,2726,260,0.0871,495,69,0.2654,0.1394,1.601,0.1658
Todas,2,7,2680,0.8975,2420,260,0.097,495,73,0.2808,0.1475,1.5204,0.1847
Todas,3,14,1948,0.6524,1688,260,0.1335,495,79,0.3038,0.1596,1.1958,0.2541
Todas,4,21,1171,0.3922,911,260,0.222,495,107,0.4115,0.2162,0.9737,0.4227
Todas,5,28,692,0.2317,432,260,0.3757,495,166,0.6385,0.3354,0.8927,0.7153
Todas,6,35,594,0.1989,334,260,0.4377,495,208,0.8,0.4202,0.96,0.8333
Todas,7,42,482,0.1614,222,260,0.5394,462,244,0.9385,0.5281,0.979,0.9585
Todas,8,49,373,0.1249,113,260,0.6971,373,260,1.0,0.6971,1.0001,1.0
Todas,9,56,325,0.1088,65,260,0.8,325,260,1.0,0.8,1.0,1.0
Todas,10,63,283,0.0948,23,260,0.9187,283,260,1.0,0.9187,1.0,1.0
