cohorte,semana,dia,pendientes,pct_pendientes,pendientes_por_campana,veces_k,pagaran_en_plazo,eventos,tasa_base,contactos,aciertos,recall,precision,lift,recall_azar,dias_ventana_restante
Todas,1,0,3968,1.0,992,5.28,3587,381,0.096,752,89,0.2336,0.1184,1.2331,0.1895,69
Todas,2,7,2448,0.6169,612,3.26,2067,381,0.1556,752,150,0.3937,0.1995,1.2818,0.3072,62
Todas,3,14,1613,0.4065,403,2.14,1232,381,0.2362,752,209,0.5486,0.2779,1.1765,0.4662,55
Todas,4,21,1062,0.2676,266,1.41,681,381,0.3588,752,297,0.7795,0.3949,1.1007,0.7081,48
Todas,5,28,768,0.1935,192,1.02,387,381,0.4961,723,361,0.9475,0.4993,1.0065,0.9414,41
Todas,6,35,598,0.1507,150,0.8,217,381,0.6371,591,378,0.9921,0.6396,1.0039,0.9883,34
Todas,7,42,502,0.1265,126,0.67,121,381,0.759,502,381,1.0,0.759,1.0,1.0,27
Todas,8,49,450,0.1134,112,0.6,69,381,0.8467,450,381,1.0,0.8467,1.0,1.0,20
Todas,9,56,415,0.1046,104,0.55,34,381,0.9181,415,381,1.0,0.9181,1.0,1.0,13
Todas,10,63,402,0.1013,100,0.53,21,381,0.9478,402,381,1.0,0.9478,1.0,1.0,6
