cohorte,multiplicador,contactos,pct_familias,aciertos,recall,precision,lift,recall_azar,contactos_por_persona_semana
C1,0.5,95,0.1019,11,0.1447,0.1158,1.4201,0.1019,0.95
C2,0.5,95,0.0972,19,0.1545,0.2,1.5886,0.0972,0.95
C3,0.5,95,0.0924,13,0.1548,0.1368,1.6742,0.0924,0.95
C4,0.5,95,0.0921,12,0.1224,0.1263,1.3287,0.0921,0.95
Todas,0.5,380,0.0958,55,0.1444,0.1447,1.507,0.0958,0.95
C1,1.0,188,0.2017,19,0.25,0.1011,1.2398,0.2017,1.88
C2,1.0,188,0.1924,30,0.2439,0.1596,1.2677,0.1924,1.88
C3,1.0,188,0.1829,21,0.25,0.1117,1.367,0.1829,1.88
C4,1.0,188,0.1823,19,0.1939,0.1011,1.0636,0.1823,1.88
Todas,1.0,752,0.1895,89,0.2336,0.1184,1.2331,0.1895,1.88
C1,1.5,283,0.3036,36,0.4737,0.1272,1.5599,0.3036,2.83
C2,1.5,283,0.2897,51,0.4146,0.1802,1.4313,0.2897,2.83
C3,1.5,283,0.2753,31,0.369,0.1095,1.3401,0.2753,2.83
C4,1.5,283,0.2745,36,0.3673,0.1272,1.3382,0.2745,2.83
Todas,1.5,1132,0.2853,154,0.4042,0.136,1.4164,0.2853,2.83
C1,2.0,376,0.4034,46,0.6053,0.1223,1.4998,0.4034,3.76
C2,2.0,376,0.3849,63,0.5122,0.1676,1.3313,0.3849,3.76
C3,2.0,376,0.3658,38,0.4524,0.1011,1.2373,0.3658,3.76
C4,2.0,376,0.3647,41,0.4184,0.109,1.1467,0.3647,3.76
Todas,2.0,1504,0.379,188,0.4934,0.125,1.3018,0.379,3.76
C1,3.0,564,0.6052,58,0.7632,0.1028,1.2607,0.6052,5.64
C2,3.0,564,0.5773,85,0.6911,0.1507,1.197,0.5773,5.64
C3,3.0,564,0.5486,61,0.7262,0.1082,1.3242,0.5486,5.64
C4,3.0,564,0.547,62,0.6327,0.1099,1.1562,0.547,5.64
Todas,3.0,2256,0.5685,266,0.6982,0.1179,1.2279,0.5685,5.64
C1,4.0,752,0.8069,68,0.8947,0.0904,1.1086,0.8069,7.52
C2,4.0,752,0.7697,107,0.8699,0.1423,1.1303,0.7697,7.52
C3,4.0,752,0.7315,70,0.8333,0.0931,1.1394,0.7315,7.52
C4,4.0,752,0.7294,78,0.7959,0.1037,1.091,0.7294,7.52
Todas,4.0,3008,0.7581,323,0.8478,0.1074,1.1185,0.7581,7.52
C1,todas,932,1.0,76,1.0,0.0815,0.9994,1.0,9.32
C2,todas,977,1.0,123,1.0,0.1259,1.0,1.0,9.77
C3,todas,1028,1.0,84,1.0,0.0817,0.9999,1.0,10.28
C4,todas,1031,1.0,98,1.0,0.0951,1.0005,1.0,10.31
Todas,todas,3968,1.0,381,1.0,0.096,0.9998,1.0,9.92
