cohorte,estrategia,descripcion,cupos,llamadas,cupos_sin_usar,aciertos,eventos,recall,recall_medio,recall_min,recall_max,precision,aciertos_primera_mitad,recall_primera_mitad,margen_medio_dias
C1,fija_inicio_d2,"Lista fija, toda en la semana 1 · regla D2",188,188.0,0.0,19.0,76,0.25,0.2434,0.2237,0.2763,0.1011,19.0,0.25,69.0
C2,fija_inicio_d2,"Lista fija, toda en la semana 1 · regla D2",188,188.0,0.0,30.0,123,0.2439,0.2439,0.2358,0.252,0.1596,30.0,0.2439,69.0
C3,fija_inicio_d2,"Lista fija, toda en la semana 1 · regla D2",188,188.0,0.0,21.0,84,0.25,0.2486,0.2381,0.25,0.1117,21.0,0.25,70.0
C4,fija_inicio_d2,"Lista fija, toda en la semana 1 · regla D2",188,188.0,0.0,19.0,98,0.1939,0.1974,0.1633,0.2143,0.1011,19.0,0.1939,69.0
Todas,fija_inicio_d2,"Lista fija, toda en la semana 1 · regla D2",752,752.0,0.0,89.0,381,0.2336,0.2329,0.2205,0.2441,0.1184,89.0,0.2336,69.2
C1,fija_repartida_d2,"Lista fija, repartida en la campaña · regla D2",188,65.0,123.0,19.0,76,0.25,0.2434,0.2237,0.2763,0.2923,11.0,0.1447,41.7
C2,fija_repartida_d2,"Lista fija, repartida en la campaña · regla D2",188,62.0,126.0,30.0,123,0.2439,0.2439,0.2358,0.252,0.4839,19.0,0.1545,43.6
C3,fija_repartida_d2,"Lista fija, repartida en la campaña · regla D2",188,64.0,124.0,21.0,84,0.25,0.2486,0.2381,0.25,0.3281,14.0,0.1667,45.7
C4,fija_repartida_d2,"Lista fija, repartida en la campaña · regla D2",188,59.0,129.0,19.0,98,0.1939,0.1974,0.1633,0.2143,0.322,13.0,0.1327,41.7
Todas,fija_repartida_d2,"Lista fija, repartida en la campaña · regla D2",752,250.0,502.0,89.0,381,0.2336,0.2329,0.2205,0.2441,0.356,57.0,0.1496,43.3
C1,semanal_d2,Lista semanal · regla D2,188,162.0,26.0,76.0,76,1.0,1.0,1.0,1.0,0.4691,29.0,0.3816,34.2
C2,semanal_d2,Lista semanal · regla D2,188,188.0,0.0,114.0,123,0.9268,0.9165,0.9024,0.935,0.6064,37.0,0.3008,30.1
C3,semanal_d2,Lista semanal · regla D2,188,171.0,17.0,84.0,84,1.0,1.0,1.0,1.0,0.4912,25.0,0.2976,32.3
C4,semanal_d2,Lista semanal · regla D2,188,177.0,11.0,98.0,98,1.0,1.0,1.0,1.0,0.5537,33.0,0.3367,30.3
Todas,semanal_d2,Lista semanal · regla D2,752,698.0,54.0,372.0,381,0.9764,0.9731,0.9685,0.979,0.533,124.0,0.3255,31.5
C1,fija_inicio_azar,"Lista fija, toda en la semana 1 · al azar",188,188.0,0.0,15.5,76,0.2037,0.2037,0.0921,0.2895,0.0823,15.5,0.2037,69.0
C2,fija_inicio_azar,"Lista fija, toda en la semana 1 · al azar",188,188.0,0.0,23.1,123,0.1879,0.1879,0.1138,0.2846,0.1229,23.1,0.1879,69.0
C3,fija_inicio_azar,"Lista fija, toda en la semana 1 · al azar",188,188.0,0.0,15.8,84,0.1887,0.1887,0.0952,0.2857,0.0843,15.8,0.1887,70.0
C4,fija_inicio_azar,"Lista fija, toda en la semana 1 · al azar",188,188.0,0.0,17.4,98,0.1781,0.1781,0.102,0.3061,0.0928,17.4,0.1781,69.0
Todas,fija_inicio_azar,"Lista fija, toda en la semana 1 · al azar",752,752.0,0.0,71.9,381,0.1887,0.1887,0.147,0.2572,0.0956,71.9,0.1887,69.2
C1,semanal_azar,Lista semanal · al azar,188,168.0,19.9,76.0,76,1.0,1.0,1.0,1.0,0.4522,23.4,0.3086,30.8
C2,semanal_azar,Lista semanal · al azar,188,187.6,0.4,106.3,123,0.8641,0.8641,0.7724,0.935,0.5666,30.5,0.2477,27.9
C3,semanal_azar,Lista semanal · al azar,188,175.9,12.1,84.0,84,0.9999,0.9999,0.9881,1.0,0.4775,23.2,0.2762,29.9
C4,semanal_azar,Lista semanal · al azar,188,182.7,5.3,97.5,98,0.9951,0.9951,0.9388,1.0,0.5337,26.3,0.2684,27.9
Todas,semanal_azar,Lista semanal · al azar,752,714.3,37.7,363.8,381,0.9549,0.9549,0.9265,0.9764,0.5093,103.4,0.2714,29.0
