modelo,iteracion,perdida_entrenamiento,perdida_validacion,puntaje_entrenamiento,puntaje_validacion,unidad,iteracion_fase2
Gradient boosting (Fase 2),1,0.692206,0.692666,0.135115,0.119014,iteración (árboles añadidos),72.000000
Gradient boosting (Fase 2),2,0.691293,0.692205,0.135115,0.119014,iteración (árboles añadidos),72.000000
Gradient boosting (Fase 2),3,0.690408,0.691763,0.135115,0.119014,iteración (árboles añadidos),72.000000
Gradient boosting (Fase 2),4,0.689550,0.691340,0.135115,0.119014,iteración (árboles añadidos),72.000000
Gradient boosting (Fase 2),5,0.688718,0.690935,0.135115,0.119014,iteración (árboles añadidos),72.000000
Gradient boosting (Fase 2),6,0.687911,0.690547,0.135115,0.119014,iteración (árboles añadidos),72.000000
Gradient boosting (Fase 2),7,0.687129,0.690176,0.135115,0.119014,iteración (árboles añadidos),72.000000
Gradient boosting (Fase 2),8,0.686370,0.689820,0.135115,0.119014,iteración (árboles añadidos),72.000000
Gradient boosting (Fase 2),9,0.685635,0.689481,0.135115,0.119014,iteración (árboles añadidos),72.000000
Gradient boosting (Fase 2),10,0.684921,0.689156,0.135115,0.119014,iteración (árboles añadidos),72.000000
Gradient boosting (Fase 2),11,0.684229,0.688845,0.135115,0.119014,iteración (árboles añadidos),72.000000
Gradient boosting (Fase 2),12,0.683557,0.688548,0.135115,0.119014,iteración (árboles añadidos),72.000000
Gradient boosting (Fase 2),13,0.682905,0.688324,0.138607,0.117578,iteración (árboles añadidos),72.000000
Gradient boosting (Fase 2),14,0.682273,0.688052,0.138607,0.117578,iteración (árboles añadidos),72.000000
Gradient boosting (Fase 2),15,0.681659,0.687850,0.138607,0.117578,iteración (árboles añadidos),72.000000
Gradient boosting (Fase 2),16,0.681063,0.687601,0.138607,0.117578,iteración (árboles añadidos),72.000000
Gradient boosting (Fase 2),17,0.680485,0.687364,0.138607,0.117578,iteración (árboles añadidos),72.000000
Gradient boosting (Fase 2),18,0.679924,0.687193,0.138607,0.117578,iteración (árboles añadidos),72.000000
Gradient boosting (Fase 2),19,0.679293,0.686894,0.147893,0.123290,iteración (árboles añadidos),72.000000
Gradient boosting (Fase 2),20,0.678682,0.686608,0.147893,0.123290,iteración (árboles añadidos),72.000000
Gradient boosting (Fase 2),21,0.678089,0.686336,0.147893,0.123290,iteración (árboles añadidos),72.000000
Gradient boosting (Fase 2),22,0.677513,0.686076,0.147893,0.123290,iteración (árboles añadidos),72.000000
Gradient boosting (Fase 2),23,0.676956,0.685828,0.147893,0.123290,iteración (árboles añadidos),72.000000
Gradient boosting (Fase 2),24,0.676462,0.685578,0.149246,0.124623,iteración (árboles añadidos),72.000000
Gradient boosting (Fase 2),25,0.675935,0.685351,0.149246,0.124623,iteración (árboles añadidos),72.000000
Gradient boosting (Fase 2),26,0.675424,0.685135,0.149246,0.124623,iteración (árboles añadidos),72.000000
Gradient boosting (Fase 2),27,0.674929,0.684930,0.149246,0.124623,iteración (árboles añadidos),72.000000
Gradient boosting (Fase 2),28,0.674448,0.684734,0.149246,0.124623,iteración (árboles añadidos),72.000000
Gradient boosting (Fase 2),29,0.673982,0.684548,0.149246,0.124623,iteración (árboles añadidos),72.000000
Gradient boosting (Fase 2),30,0.673566,0.684320,0.149296,0.124890,iteración (árboles añadidos),72.000000
Gradient boosting (Fase 2),31,0.673125,0.684151,0.149296,0.124890,iteración (árboles añadidos),72.000000
Gradient boosting (Fase 2),32,0.672697,0.683991,0.149296,0.124890,iteración (árboles añadidos),72.000000
Gradient boosting (Fase 2),33,0.672283,0.683839,0.149296,0.124890,iteración (árboles añadidos),72.000000
Gradient boosting (Fase 2),34,0.671880,0.683695,0.149296,0.124890,iteración (árboles añadidos),72.000000
Gradient boosting (Fase 2),35,0.671490,0.683559,0.149296,0.124890,iteración (árboles añadidos),72.000000
Gradient boosting (Fase 2),36,0.671131,0.683443,0.150867,0.126779,iteración (árboles añadidos),72.000000
Gradient boosting (Fase 2),37,0.670759,0.683312,0.152598,0.126990,iteración (árboles añadidos),72.000000
Gradient boosting (Fase 2),38,0.670418,0.683207,0.152598,0.126990,iteración (árboles añadidos),72.000000
Gradient boosting (Fase 2),39,0.670065,0.683088,0.152816,0.126887,iteración (árboles añadidos),72.000000
Gradient boosting (Fase 2),40,0.669736,0.682994,0.152816,0.126887,iteración (árboles añadidos),72.000000
Gradient boosting (Fase 2),41,0.669416,0.682905,0.152816,0.126887,iteración (árboles añadidos),72.000000
Gradient boosting (Fase 2),42,0.669085,0.682800,0.152896,0.127400,iteración (árboles añadidos),72.000000
Gradient boosting (Fase 2),43,0.668781,0.682720,0.152896,0.127400,iteración (árboles añadidos),72.000000
Gradient boosting (Fase 2),44,0.668462,0.682564,0.154645,0.130003,iteración (árboles añadidos),72.000000
Gradient boosting (Fase 2),45,0.668171,0.682491,0.154645,0.130003,iteración (árboles añadidos),72.000000
Gradient boosting (Fase 2),46,0.667866,0.682343,0.154645,0.130003,iteración (árboles añadidos),72.000000
Gradient boosting (Fase 2),47,0.667587,0.682354,0.160763,0.129656,iteración (árboles añadidos),72.000000
Gradient boosting (Fase 2),48,0.667294,0.682213,0.160763,0.129656,iteración (árboles añadidos),72.000000
Gradient boosting (Fase 2),49,0.667022,0.682056,0.160583,0.129635,iteración (árboles añadidos),72.000000
Gradient boosting (Fase 2),50,0.666757,0.682028,0.162128,0.130646,iteración (árboles añadidos),72.000000
Gradient boosting (Fase 2),51,0.666500,0.681973,0.162128,0.130646,iteración (árboles añadidos),72.000000
Gradient boosting (Fase 2),52,0.666227,0.681827,0.162455,0.130868,iteración (árboles añadidos),72.000000
Gradient boosting (Fase 2),53,0.665979,0.681807,0.162434,0.130868,iteración (árboles añadidos),72.000000
Gradient boosting (Fase 2),54,0.665737,0.681759,0.162434,0.130868,iteración (árboles añadidos),72.000000
Gradient boosting (Fase 2),55,0.665479,0.681636,0.162434,0.130868,iteración (árboles añadidos),72.000000
Gradient boosting (Fase 2),56,0.665246,0.681636,0.162434,0.130868,iteración (árboles añadidos),72.000000
Gradient boosting (Fase 2),57,0.664997,0.681505,0.162434,0.130868,iteración (árboles añadidos),72.000000
Gradient boosting (Fase 2),58,0.664773,0.681493,0.162453,0.130846,iteración (árboles añadidos),72.000000
Gradient boosting (Fase 2),59,0.664548,0.681392,0.162112,0.131052,iteración (árboles añadidos),72.000000
Gradient boosting (Fase 2),60,0.664332,0.681307,0.162451,0.131421,iteración (árboles añadidos),72.000000
Gradient boosting (Fase 2),61,0.664100,0.681207,0.163273,0.133237,iteración (árboles añadidos),72.000000
Gradient boosting (Fase 2),62,0.663892,0.681242,0.163315,0.134044,iteración (árboles añadidos),72.000000
Gradient boosting (Fase 2),63,0.663668,0.681137,0.163315,0.134044,iteración (árboles añadidos),72.000000
Gradient boosting (Fase 2),64,0.663466,0.681125,0.164114,0.133035,iteración (árboles añadidos),72.000000
Gradient boosting (Fase 2),65,0.663250,0.681095,0.164161,0.133025,iteración (árboles añadidos),72.000000
Gradient boosting (Fase 2),66,0.663056,0.681030,0.164161,0.133025,iteración (árboles añadidos),72.000000
Gradient boosting (Fase 2),67,0.662829,0.680932,0.165317,0.141040,iteración (árboles añadidos),72.000000
Gradient boosting (Fase 2),68,0.662594,0.680952,0.165320,0.140920,iteración (árboles añadidos),72.000000
Gradient boosting (Fase 2),69,0.662408,0.680946,0.165227,0.141021,iteración (árboles añadidos),72.000000
Gradient boosting (Fase 2),70,0.662193,0.680856,0.166855,0.141211,iteración (árboles añadidos),72.000000
Gradient boosting (Fase 2),71,0.661969,0.680883,0.167582,0.148821,iteración (árboles añadidos),72.000000
Gradient boosting (Fase 2),72,0.661792,0.680880,0.167615,0.148853,iteración (árboles añadidos),72.000000
Gradient boosting (Fase 2),73,0.661590,0.680798,0.167617,0.155661,iteración (árboles añadidos),72.000000
Gradient boosting (Fase 2),74,0.661376,0.680832,0.167145,0.155732,iteración (árboles añadidos),72.000000
Gradient boosting (Fase 2),75,0.661169,0.680871,0.167381,0.155200,iteración (árboles añadidos),72.000000
Gradient boosting (Fase 2),76,0.661002,0.680872,0.167596,0.155206,iteración (árboles añadidos),72.000000
Gradient boosting (Fase 2),77,0.660814,0.680798,0.167741,0.155322,iteración (árboles añadidos),72.000000
Gradient boosting (Fase 2),78,0.660632,0.680728,0.168077,0.155216,iteración (árboles añadidos),72.000000
Gradient boosting (Fase 2),79,0.660437,0.680775,0.168092,0.155057,iteración (árboles añadidos),72.000000
Gradient boosting (Fase 2),80,0.660280,0.680779,0.168200,0.155160,iteración (árboles añadidos),72.000000
Gradient boosting (Fase 2),81,0.660108,0.680715,0.168434,0.154846,iteración (árboles añadidos),72.000000
Gradient boosting (Fase 2),82,0.659922,0.680767,0.168574,0.154897,iteración (árboles añadidos),72.000000
Gradient boosting (Fase 2),83,0.659745,0.680688,0.167626,0.155265,iteración (árboles añadidos),72.000000
Gradient boosting (Fase 2),84,0.659583,0.680629,0.167753,0.155445,iteración (árboles añadidos),72.000000
Gradient boosting (Fase 2),85,0.659406,0.680688,0.167878,0.155305,iteración (árboles añadidos),72.000000
Gradient boosting (Fase 2),86,0.659261,0.680695,0.168218,0.155445,iteración (árboles añadidos),72.000000
Gradient boosting (Fase 2),87,0.659103,0.680646,0.168858,0.155964,iteración (árboles añadidos),72.000000
Gradient boosting (Fase 2),88,0.658950,0.680600,0.168822,0.155770,iteración (árboles añadidos),72.000000
Gradient boosting (Fase 2),89,0.658784,0.680665,0.168806,0.155749,iteración (árboles añadidos),72.000000
Gradient boosting (Fase 2),90,0.658638,0.680624,0.169205,0.156338,iteración (árboles añadidos),72.000000
Gradient boosting (Fase 2),91,0.658478,0.680693,0.169214,0.156237,iteración (árboles añadidos),72.000000
Gradient boosting (Fase 2),92,0.658344,0.680704,0.169260,0.155997,iteración (árboles añadidos),72.000000
Gradient boosting (Fase 2),93,0.658205,0.680642,0.169493,0.155664,iteración (árboles añadidos),72.000000
Gradient boosting (Fase 2),94,0.658075,0.680637,0.170535,0.155249,iteración (árboles añadidos),72.000000
Gradient boosting (Fase 2),95,0.657939,0.680506,0.170843,0.155628,iteración (árboles añadidos),72.000000
Gradient boosting (Fase 2),96,0.657790,0.680610,0.170845,0.155205,iteración (árboles añadidos),72.000000
Gradient boosting (Fase 2),97,0.657664,0.680632,0.170800,0.155035,iteración (árboles añadidos),72.000000
Gradient boosting (Fase 2),98,0.657534,0.680505,0.170784,0.155262,iteración (árboles añadidos),72.000000
Gradient boosting (Fase 2),99,0.657390,0.680584,0.170948,0.155442,iteración (árboles añadidos),72.000000
Gradient boosting (Fase 2),100,0.657269,0.680582,0.170778,0.155266,iteración (árboles añadidos),72.000000
Gradient boosting (Fase 2),101,0.657117,0.680510,0.169999,0.155275,iteración (árboles añadidos),72.000000
Gradient boosting (Fase 2),102,0.656992,0.680388,0.170058,0.155491,iteración (árboles añadidos),72.000000
Gradient boosting (Fase 2),103,0.656855,0.680452,0.170034,0.155853,iteración (árboles añadidos),72.000000
Gradient boosting (Fase 2),104,0.656738,0.680477,0.170017,0.155760,iteración (árboles añadidos),72.000000
Gradient boosting (Fase 2),105,0.656617,0.680358,0.170253,0.155938,iteración (árboles añadidos),72.000000
Gradient boosting (Fase 2),106,0.656473,0.680290,0.170260,0.156057,iteración (árboles añadidos),72.000000
Gradient boosting (Fase 2),107,0.656355,0.680175,0.170452,0.156108,iteración (árboles añadidos),72.000000
Gradient boosting (Fase 2),108,0.656224,0.680167,0.174720,0.162966,iteración (árboles añadidos),72.000000
Gradient boosting (Fase 2),109,0.656094,0.680236,0.173911,0.163304,iteración (árboles añadidos),72.000000
Gradient boosting (Fase 2),110,0.655984,0.680262,0.174049,0.163303,iteración (árboles añadidos),72.000000
Gradient boosting (Fase 2),111,0.655870,0.680150,0.174101,0.163352,iteración (árboles añadidos),72.000000
Gradient boosting (Fase 2),112,0.655744,0.680145,0.173563,0.163576,iteración (árboles añadidos),72.000000
Gradient boosting (Fase 2),113,0.655619,0.680216,0.173681,0.163382,iteración (árboles añadidos),72.000000
Gradient boosting (Fase 2),114,0.655497,0.680212,0.173833,0.164075,iteración (árboles añadidos),72.000000
Gradient boosting (Fase 2),115,0.655376,0.680158,0.173463,0.164368,iteración (árboles añadidos),72.000000
Gradient boosting (Fase 2),116,0.655266,0.680106,0.174283,0.164571,iteración (árboles añadidos),72.000000
Gradient boosting (Fase 2),117,0.655163,0.680086,0.174094,0.164423,iteración (árboles añadidos),72.000000
Gradient boosting (Fase 2),118,0.655062,0.680011,0.175141,0.164796,iteración (árboles añadidos),72.000000
Gradient boosting (Fase 2),119,0.654931,0.679948,0.175357,0.165015,iteración (árboles añadidos),72.000000
Gradient boosting (Fase 2),120,0.654833,0.679876,0.175251,0.164961,iteración (árboles añadidos),72.000000
Gradient boosting (Fase 2),121,0.654728,0.679827,0.175662,0.164949,iteración (árboles añadidos),72.000000
Gradient boosting (Fase 2),122,0.654613,0.679905,0.175679,0.165064,iteración (árboles añadidos),72.000000
Gradient boosting (Fase 2),123,0.654488,0.679844,0.176185,0.165681,iteración (árboles añadidos),72.000000
Gradient boosting (Fase 2),124,0.654386,0.679797,0.176402,0.165684,iteración (árboles añadidos),72.000000
Gradient boosting (Fase 2),125,0.654275,0.679797,0.176920,0.165365,iteración (árboles añadidos),72.000000
Gradient boosting (Fase 2),126,0.654184,0.679730,0.176358,0.164595,iteración (árboles añadidos),72.000000
Gradient boosting (Fase 2),127,0.654073,0.679710,0.176498,0.164557,iteración (árboles añadidos),72.000000
Gradient boosting (Fase 2),128,0.653984,0.679710,0.178180,0.164497,iteración (árboles añadidos),72.000000
Gradient boosting (Fase 2),129,0.653891,0.679740,0.178189,0.164289,iteración (árboles añadidos),72.000000
Gradient boosting (Fase 2),130,0.653784,0.679823,0.178301,0.164391,iteración (árboles añadidos),72.000000
Gradient boosting (Fase 2),131,0.653686,0.679778,0.178505,0.164391,iteración (árboles añadidos),72.000000
Gradient boosting (Fase 2),132,0.653582,0.679757,0.178262,0.164989,iteración (árboles añadidos),72.000000
Gradient boosting (Fase 2),133,0.653496,0.679759,0.178436,0.165710,iteración (árboles añadidos),72.000000
Gradient boosting (Fase 2),134,0.653392,0.679799,0.178686,0.165558,iteración (árboles añadidos),72.000000
Gradient boosting (Fase 2),135,0.653291,0.679764,0.179041,0.165653,iteración (árboles añadidos),72.000000
Gradient boosting (Fase 2),136,0.653207,0.679767,0.179194,0.165726,iteración (árboles añadidos),72.000000
Gradient boosting (Fase 2),137,0.653092,0.679708,0.179289,0.166039,iteración (árboles añadidos),72.000000
Gradient boosting (Fase 2),138,0.652998,0.679666,0.179551,0.165833,iteración (árboles añadidos),72.000000
Gradient boosting (Fase 2),139,0.652900,0.679632,0.179013,0.165748,iteración (árboles añadidos),72.000000
Gradient boosting (Fase 2),140,0.652799,0.679774,0.178969,0.165574,iteración (árboles añadidos),72.000000
Gradient boosting (Fase 2),141,0.652718,0.679778,0.179218,0.165679,iteración (árboles añadidos),72.000000
Gradient boosting (Fase 2),142,0.652622,0.679761,0.179247,0.166407,iteración (árboles añadidos),72.000000
Gradient boosting (Fase 2),143,0.652532,0.679720,0.179869,0.166218,iteración (árboles añadidos),72.000000
Gradient boosting (Fase 2),144,0.652434,0.679741,0.179980,0.166277,iteración (árboles añadidos),72.000000
Gradient boosting (Fase 2),145,0.652356,0.679747,0.180387,0.166477,iteración (árboles añadidos),72.000000
Gradient boosting (Fase 2),146,0.652274,0.679779,0.179997,0.165849,iteración (árboles añadidos),72.000000
Gradient boosting (Fase 2),147,0.652198,0.679786,0.180936,0.165852,iteración (árboles añadidos),72.000000
Gradient boosting (Fase 2),148,0.652106,0.679754,0.180117,0.165941,iteración (árboles añadidos),72.000000
Gradient boosting (Fase 2),149,0.651931,0.679758,0.180568,0.166351,iteración (árboles añadidos),72.000000
Gradient boosting (Fase 2),150,0.651844,0.679706,0.180746,0.166241,iteración (árboles añadidos),72.000000
Gradient boosting (Fase 2),151,0.651771,0.679715,0.181741,0.166007,iteración (árboles añadidos),72.000000
Gradient boosting (Fase 2),152,0.651676,0.679859,0.181628,0.165932,iteración (árboles añadidos),72.000000
Gradient boosting (Fase 2),153,0.651587,0.679828,0.180780,0.166410,iteración (árboles añadidos),72.000000
Gradient boosting (Fase 2),154,0.651418,0.679835,0.181110,0.166477,iteración (árboles añadidos),72.000000
Gradient boosting (Fase 2),155,0.651348,0.679844,0.181056,0.166422,iteración (árboles añadidos),72.000000
Gradient boosting (Fase 2),156,0.651184,0.679853,0.181277,0.166520,iteración (árboles añadidos),72.000000
Gradient boosting (Fase 2),157,0.651100,0.679804,0.181865,0.166380,iteración (árboles añadidos),72.000000
Gradient boosting (Fase 2),158,0.651032,0.679814,0.182058,0.166579,iteración (árboles añadidos),72.000000
Gradient boosting (Fase 2),159,0.650946,0.679785,0.182113,0.166580,iteración (árboles añadidos),72.000000
Gradient boosting (Fase 2),160,0.650788,0.679797,0.182186,0.166842,iteración (árboles añadidos),72.000000
Gradient boosting (Fase 2),161,0.650722,0.679808,0.182460,0.166715,iteración (árboles añadidos),72.000000
Gradient boosting (Fase 2),162,0.650653,0.679789,0.183122,0.166795,iteración (árboles añadidos),72.000000
Gradient boosting (Fase 2),163,0.650563,0.679880,0.183206,0.167268,iteración (árboles añadidos),72.000000
Gradient boosting (Fase 2),164,0.650410,0.679894,0.183356,0.167502,iteración (árboles añadidos),72.000000
Gradient boosting (Fase 2),165,0.650329,0.679847,0.183606,0.167607,iteración (árboles añadidos),72.000000
Gradient boosting (Fase 2),166,0.650265,0.679859,0.183910,0.168291,iteración (árboles añadidos),72.000000
Gradient boosting (Fase 2),167,0.650198,0.679841,0.183837,0.167908,iteración (árboles añadidos),72.000000
Gradient boosting (Fase 2),168,0.650050,0.679857,0.183891,0.168071,iteración (árboles añadidos),72.000000
Gradient boosting (Fase 2),169,0.649989,0.679870,0.184067,0.168058,iteración (árboles añadidos),72.000000
Gradient boosting (Fase 2),170,0.649909,0.679844,0.184445,0.168137,iteración (árboles añadidos),72.000000
Gradient boosting (Fase 2),171,0.649766,0.679862,0.184561,0.168221,iteración (árboles añadidos),72.000000
Gradient boosting (Fase 2),172,0.649706,0.679875,0.184665,0.168190,iteración (árboles añadidos),72.000000
Gradient boosting (Fase 2),173,0.649643,0.679858,0.184410,0.168277,iteración (árboles añadidos),72.000000
Gradient boosting (Fase 2),174,0.649565,0.679814,0.184411,0.168621,iteración (árboles añadidos),72.000000
Gradient boosting (Fase 2),175,0.649452,0.679767,0.185319,0.168497,iteración (árboles añadidos),72.000000
Gradient boosting (Fase 2),176,0.649365,0.679914,0.185255,0.168132,iteración (árboles añadidos),72.000000
Gradient boosting (Fase 2),177,0.649227,0.679934,0.185268,0.168150,iteración (árboles añadidos),72.000000
Gradient boosting (Fase 2),178,0.649170,0.679948,0.185144,0.168036,iteración (árboles añadidos),72.000000
Gradient boosting (Fase 2),179,0.649108,0.679932,0.185346,0.168124,iteración (árboles añadidos),72.000000
Gradient boosting (Fase 2),180,0.649052,0.679927,0.185838,0.168245,iteración (árboles añadidos),72.000000
Gradient boosting (Fase 2),181,0.648918,0.679949,0.185968,0.168192,iteración (árboles añadidos),72.000000
Gradient boosting (Fase 2),182,0.648810,0.679905,0.186212,0.168038,iteración (árboles añadidos),72.000000
Gradient boosting (Fase 2),183,0.648750,0.679889,0.186377,0.168099,iteración (árboles añadidos),72.000000
Gradient boosting (Fase 2),184,0.648661,0.679823,0.186692,0.167965,iteración (árboles añadidos),72.000000
Gradient boosting (Fase 2),185,0.648606,0.679839,0.186903,0.168147,iteración (árboles añadidos),72.000000
Gradient boosting (Fase 2),186,0.648477,0.679862,0.187002,0.168219,iteración (árboles añadidos),72.000000
Gradient boosting (Fase 2),187,0.648418,0.679848,0.187000,0.167967,iteración (árboles añadidos),72.000000
Gradient boosting (Fase 2),188,0.648332,0.679783,0.187570,0.168283,iteración (árboles añadidos),72.000000
Gradient boosting (Fase 2),189,0.648229,0.679742,0.187573,0.168408,iteración (árboles añadidos),72.000000
Gradient boosting (Fase 2),190,0.648146,0.679890,0.187573,0.168406,iteración (árboles añadidos),72.000000
Gradient boosting (Fase 2),191,0.648093,0.679907,0.187667,0.168395,iteración (árboles añadidos),72.000000
Gradient boosting (Fase 2),192,0.648022,0.679884,0.187593,0.168490,iteración (árboles añadidos),72.000000
Gradient boosting (Fase 2),193,0.647897,0.679910,0.187620,0.168537,iteración (árboles añadidos),72.000000
Gradient boosting (Fase 2),194,0.647814,0.679848,0.188020,0.168374,iteración (árboles añadidos),72.000000
Gradient boosting (Fase 2),195,0.647763,0.679866,0.187950,0.167992,iteración (árboles añadidos),72.000000
Gradient boosting (Fase 2),196,0.647707,0.679852,0.188230,0.168027,iteración (árboles añadidos),72.000000
Gradient boosting (Fase 2),197,0.647586,0.679879,0.188288,0.168085,iteración (árboles añadidos),72.000000
Gradient boosting (Fase 2),198,0.647487,0.679855,0.188350,0.168486,iteración (árboles añadidos),72.000000
Gradient boosting (Fase 2),199,0.647407,0.679796,0.188291,0.168110,iteración (árboles añadidos),72.000000
Gradient boosting (Fase 2),200,0.647357,0.679794,0.188174,0.168102,iteración (árboles añadidos),72.000000
Gradient boosting (Fase 2),201,0.647304,0.679781,0.188474,0.167925,iteración (árboles añadidos),72.000000
Gradient boosting (Fase 2),202,0.647224,0.679929,0.188421,0.167878,iteración (árboles añadidos),72.000000
Gradient boosting (Fase 2),203,0.647107,0.679958,0.188454,0.167841,iteración (árboles añadidos),72.000000
Gradient boosting (Fase 2),204,0.647030,0.679902,0.188712,0.167698,iteración (árboles añadidos),72.000000
Gradient boosting (Fase 2),205,0.646955,0.679858,0.188905,0.167650,iteración (árboles añadidos),72.000000
Gradient boosting (Fase 2),206,0.646861,0.679822,0.188977,0.167903,iteración (árboles añadidos),72.000000
Gradient boosting (Fase 2),207,0.646809,0.679810,0.189032,0.167788,iteración (árboles añadidos),72.000000
Gradient boosting (Fase 2),208,0.646760,0.679829,0.189108,0.167715,iteración (árboles añadidos),72.000000
Gradient boosting (Fase 2),209,0.646686,0.679776,0.189279,0.167570,iteración (árboles añadidos),72.000000
Gradient boosting (Fase 2),210,0.646572,0.679751,0.189361,0.167619,iteración (árboles añadidos),72.000000
Gradient boosting (Fase 2),211,0.646522,0.679740,0.189386,0.167569,iteración (árboles añadidos),72.000000
Gradient boosting (Fase 2),212,0.646445,0.679888,0.189453,0.167664,iteración (árboles añadidos),72.000000
Gradient boosting (Fase 2),213,0.646398,0.679908,0.189451,0.167603,iteración (árboles añadidos),72.000000
Gradient boosting (Fase 2),214,0.646325,0.679869,0.189584,0.167677,iteración (árboles añadidos),72.000000
Gradient boosting (Fase 2),215,0.646261,0.679850,0.189889,0.167978,iteración (árboles añadidos),72.000000
Gradient boosting (Fase 2),216,0.646171,0.679830,0.190097,0.167975,iteración (árboles añadidos),72.000000
Gradient boosting (Fase 2),217,0.646060,0.679795,0.190415,0.167938,iteración (árboles añadidos),72.000000
Gradient boosting (Fase 2),218,0.645986,0.679943,0.190393,0.167996,iteración (árboles añadidos),72.000000
Gradient boosting (Fase 2),219,0.645940,0.679963,0.190456,0.167921,iteración (árboles añadidos),72.000000
Gradient boosting (Fase 2),220,0.645892,0.679952,0.190415,0.167872,iteración (árboles añadidos),72.000000
Gradient boosting (Fase 2),221,0.645822,0.679903,0.190455,0.168028,iteración (árboles añadidos),72.000000
Gradient boosting (Fase 2),222,0.645735,0.679886,0.190548,0.167937,iteración (árboles añadidos),72.000000
Gradient boosting (Fase 2),223,0.645662,0.679936,0.190565,0.168091,iteración (árboles añadidos),72.000000
Gradient boosting (Fase 2),224,0.645616,0.679927,0.190572,0.168007,iteración (árboles añadidos),72.000000
Gradient boosting (Fase 2),225,0.645571,0.679947,0.190621,0.168023,iteración (árboles añadidos),72.000000
Gradient boosting (Fase 2),226,0.645504,0.679913,0.190592,0.168055,iteración (árboles añadidos),72.000000
Gradient boosting (Fase 2),227,0.645396,0.679879,0.191029,0.168139,iteración (árboles añadidos),72.000000
Gradient boosting (Fase 2),228,0.645325,0.680028,0.190965,0.168296,iteración (árboles añadidos),72.000000
Gradient boosting (Fase 2),229,0.645241,0.680012,0.191050,0.168102,iteración (árboles añadidos),72.000000
Gradient boosting (Fase 2),230,0.645196,0.680003,0.191461,0.168132,iteración (árboles añadidos),72.000000
Gradient boosting (Fase 2),231,0.645152,0.680024,0.191235,0.167982,iteración (árboles añadidos),72.000000
Gradient boosting (Fase 2),232,0.645087,0.679992,0.191492,0.167850,iteración (árboles añadidos),72.000000
Gradient boosting (Fase 2),233,0.645028,0.680010,0.191789,0.167879,iteración (árboles añadidos),72.000000
Gradient boosting (Fase 2),234,0.644923,0.679979,0.192072,0.167773,iteración (árboles añadidos),72.000000
Gradient boosting (Fase 2),235,0.644842,0.679965,0.192005,0.168072,iteración (árboles añadidos),72.000000
Gradient boosting (Fase 2),236,0.644774,0.680113,0.192069,0.167933,iteración (árboles añadidos),72.000000
Gradient boosting (Fase 2),237,0.644702,0.680069,0.191925,0.167867,iteración (árboles añadidos),72.000000
Gradient boosting (Fase 2),238,0.644638,0.680026,0.191910,0.167654,iteración (árboles añadidos),72.000000
Gradient boosting (Fase 2),239,0.644595,0.680017,0.192084,0.168072,iteración (árboles añadidos),72.000000
Gradient boosting (Fase 2),240,0.644553,0.680019,0.191890,0.168045,iteración (árboles añadidos),72.000000
Gradient boosting (Fase 2),241,0.644451,0.679990,0.192054,0.168114,iteración (árboles añadidos),72.000000
Gradient boosting (Fase 2),242,0.644373,0.679978,0.192248,0.168159,iteración (árboles añadidos),72.000000
Gradient boosting (Fase 2),243,0.644306,0.680015,0.192239,0.167966,iteración (árboles añadidos),72.000000
Gradient boosting (Fase 2),244,0.644244,0.679986,0.192427,0.167819,iteración (árboles añadidos),72.000000
Gradient boosting (Fase 2),245,0.644202,0.679977,0.192492,0.168185,iteración (árboles añadidos),72.000000
Gradient boosting (Fase 2),246,0.644160,0.679999,0.192447,0.168211,iteración (árboles añadidos),72.000000
Gradient boosting (Fase 2),247,0.644085,0.679975,0.192526,0.168291,iteración (árboles añadidos),72.000000
Gradient boosting (Fase 2),248,0.644026,0.679949,0.192809,0.168132,iteración (árboles añadidos),72.000000
Gradient boosting (Fase 2),249,0.643985,0.679941,0.192759,0.168083,iteración (árboles añadidos),72.000000
Gradient boosting (Fase 2),250,0.643885,0.679913,0.192906,0.168160,iteración (árboles añadidos),72.000000
Gradient boosting (Fase 2),251,0.643845,0.679936,0.192920,0.168154,iteración (árboles añadidos),72.000000
Gradient boosting (Fase 2),252,0.643780,0.680083,0.192914,0.167961,iteración (árboles añadidos),72.000000
Gradient boosting (Fase 2),253,0.643722,0.680046,0.193249,0.167764,iteración (árboles añadidos),72.000000
Gradient boosting (Fase 2),254,0.643667,0.680030,0.193461,0.167802,iteración (árboles añadidos),72.000000
Gradient boosting (Fase 2),255,0.643595,0.680022,0.193371,0.168074,iteración (árboles añadidos),72.000000
Gradient boosting (Fase 2),256,0.643499,0.679996,0.193529,0.168198,iteración (árboles añadidos),72.000000
Gradient boosting (Fase 2),257,0.643459,0.680019,0.193764,0.168050,iteración (árboles añadidos),72.000000
Gradient boosting (Fase 2),258,0.643396,0.680058,0.193870,0.167944,iteración (árboles añadidos),72.000000
Gradient boosting (Fase 2),259,0.643357,0.680050,0.193756,0.168031,iteración (árboles añadidos),72.000000
Gradient boosting (Fase 2),260,0.643301,0.680025,0.193991,0.167779,iteración (árboles añadidos),72.000000
Gradient boosting (Fase 2),261,0.643231,0.680017,0.194172,0.168079,iteración (árboles añadidos),72.000000
Gradient boosting (Fase 2),262,0.643137,0.679994,0.194422,0.167976,iteración (árboles añadidos),72.000000
Gradient boosting (Fase 2),263,0.643099,0.680017,0.194463,0.167986,iteración (árboles añadidos),72.000000
Gradient boosting (Fase 2),264,0.643060,0.680009,0.194533,0.168745,iteración (árboles añadidos),72.000000
Gradient boosting (Fase 2),265,0.643006,0.679988,0.194409,0.168850,iteración (árboles añadidos),72.000000
Gradient boosting (Fase 2),266,0.642929,0.679945,0.194304,0.168755,iteración (árboles añadidos),72.000000
Gradient boosting (Fase 2),267,0.642861,0.679939,0.194372,0.169068,iteración (árboles añadidos),72.000000
Gradient boosting (Fase 2),268,0.642824,0.679931,0.194191,0.169233,iteración (árboles añadidos),72.000000
Gradient boosting (Fase 2),269,0.642762,0.680079,0.194316,0.169032,iteración (árboles añadidos),72.000000
Gradient boosting (Fase 2),270,0.642709,0.680046,0.194581,0.169051,iteración (árboles añadidos),72.000000
Gradient boosting (Fase 2),271,0.642618,0.680025,0.194747,0.169054,iteración (árboles añadidos),72.000000
Gradient boosting (Fase 2),272,0.642581,0.680048,0.194877,0.168770,iteración (árboles añadidos),72.000000
Gradient boosting (Fase 2),273,0.642530,0.680046,0.194937,0.168818,iteración (árboles añadidos),72.000000
Gradient boosting (Fase 2),274,0.642462,0.680039,0.195000,0.168955,iteración (árboles añadidos),72.000000
Gradient boosting (Fase 2),275,0.642397,0.680020,0.195058,0.169006,iteración (árboles añadidos),72.000000
Gradient boosting (Fase 2),276,0.642346,0.680003,0.195113,0.169409,iteración (árboles añadidos),72.000000
Gradient boosting (Fase 2),277,0.642286,0.680054,0.194978,0.169464,iteración (árboles añadidos),72.000000
Gradient boosting (Fase 2),278,0.642250,0.680078,0.195309,0.169484,iteración (árboles añadidos),72.000000
Gradient boosting (Fase 2),279,0.642182,0.680036,0.195253,0.169440,iteración (árboles añadidos),72.000000
Gradient boosting (Fase 2),280,0.642132,0.680019,0.195510,0.169304,iteración (árboles añadidos),72.000000
Gradient boosting (Fase 2),281,0.642007,0.680031,0.195330,0.168908,iteración (árboles añadidos),72.000000
Gradient boosting (Fase 2),282,0.641948,0.680177,0.195277,0.168757,iteración (árboles añadidos),72.000000
Gradient boosting (Fase 2),283,0.641860,0.680158,0.195346,0.168868,iteración (árboles añadidos),72.000000
Gradient boosting (Fase 2),284,0.641797,0.680154,0.195529,0.168895,iteración (árboles añadidos),72.000000
Gradient boosting (Fase 2),285,0.641761,0.680147,0.195583,0.168953,iteración (árboles añadidos),72.000000
Gradient boosting (Fase 2),286,0.641727,0.680153,0.195662,0.168905,iteración (árboles añadidos),72.000000
Gradient boosting (Fase 2),287,0.641679,0.680138,0.195479,0.169457,iteración (árboles añadidos),72.000000
Gradient boosting (Fase 2),288,0.641644,0.680132,0.195590,0.169503,iteración (árboles añadidos),72.000000
Gradient boosting (Fase 2),289,0.641580,0.680126,0.195757,0.170350,iteración (árboles añadidos),72.000000
Gradient boosting (Fase 2),290,0.641519,0.680124,0.195895,0.170276,iteración (árboles añadidos),72.000000
Gradient boosting (Fase 2),291,0.641463,0.680270,0.195791,0.170439,iteración (árboles añadidos),72.000000
Gradient boosting (Fase 2),292,0.641429,0.680295,0.195861,0.170237,iteración (árboles añadidos),72.000000
Gradient boosting (Fase 2),293,0.641343,0.680277,0.195986,0.170019,iteración (árboles añadidos),72.000000
Gradient boosting (Fase 2),294,0.641296,0.680252,0.196127,0.169679,iteración (árboles añadidos),72.000000
Gradient boosting (Fase 2),295,0.641241,0.680292,0.196156,0.169818,iteración (árboles añadidos),72.000000
Gradient boosting (Fase 2),296,0.641182,0.680278,0.196218,0.169809,iteración (árboles añadidos),72.000000
Gradient boosting (Fase 2),297,0.641109,0.680237,0.196340,0.169242,iteración (árboles añadidos),72.000000
Gradient boosting (Fase 2),298,0.640989,0.680252,0.196434,0.169615,iteración (árboles añadidos),72.000000
Gradient boosting (Fase 2),299,0.640906,0.680236,0.196530,0.169649,iteración (árboles añadidos),72.000000
Gradient boosting (Fase 2),300,0.640861,0.680226,0.196588,0.171629,iteración (árboles añadidos),72.000000
Gradient boosting (Fase 2),301,0.640814,0.680213,0.196575,0.171566,iteración (árboles añadidos),72.000000
Gradient boosting (Fase 2),302,0.640769,0.680203,0.196563,0.172042,iteración (árboles añadidos),72.000000
Gradient boosting (Fase 2),303,0.640713,0.680202,0.196572,0.172005,iteración (árboles añadidos),72.000000
Gradient boosting (Fase 2),304,0.640597,0.680220,0.196808,0.171732,iteración (árboles añadidos),72.000000
Gradient boosting (Fase 2),305,0.640516,0.680205,0.197037,0.171758,iteración (árboles añadidos),72.000000
Gradient boosting (Fase 2),306,0.640484,0.680229,0.196994,0.171708,iteración (árboles añadidos),72.000000
Gradient boosting (Fase 2),307,0.640451,0.680223,0.197244,0.172146,iteración (árboles añadidos),72.000000
Gradient boosting (Fase 2),308,0.640390,0.680218,0.197342,0.171863,iteración (árboles añadidos),72.000000
Gradient boosting (Fase 2),309,0.640347,0.680200,0.197157,0.171994,iteración (árboles añadidos),72.000000
Gradient boosting (Fase 2),310,0.640293,0.680346,0.197242,0.171907,iteración (árboles añadidos),72.000000
Gradient boosting (Fase 2),311,0.640214,0.680333,0.197353,0.171963,iteración (árboles añadidos),72.000000
Gradient boosting (Fase 2),312,0.640159,0.680320,0.197377,0.172024,iteración (árboles añadidos),72.000000
Gradient boosting (Fase 2),313,0.640117,0.680341,0.197420,0.171976,iteración (árboles añadidos),72.000000
Gradient boosting (Fase 2),314,0.640004,0.680361,0.197452,0.172022,iteración (árboles añadidos),72.000000
Gradient boosting (Fase 2),315,0.639952,0.680411,0.197385,0.172047,iteración (árboles añadidos),72.000000
Gradient boosting (Fase 2),316,0.639920,0.680405,0.197870,0.172050,iteración (árboles añadidos),72.000000
Gradient boosting (Fase 2),317,0.639890,0.680430,0.197661,0.172029,iteración (árboles añadidos),72.000000
Gradient boosting (Fase 2),318,0.639849,0.680423,0.197734,0.171987,iteración (árboles añadidos),72.000000
Gradient boosting (Fase 2),319,0.639797,0.680568,0.197787,0.171983,iteración (árboles añadidos),72.000000
Gradient boosting (Fase 2),320,0.639766,0.680562,0.198381,0.171995,iteración (árboles añadidos),72.000000
Gradient boosting (Fase 2),321,0.639658,0.680583,0.198507,0.171774,iteración (árboles añadidos),72.000000
Gradient boosting (Fase 2),322,0.639605,0.680572,0.198565,0.171771,iteración (árboles añadidos),72.000000
Gradient boosting (Fase 2),323,0.639564,0.680557,0.198550,0.171688,iteración (árboles añadidos),72.000000
Gradient boosting (Fase 2),324,0.639487,0.680546,0.198757,0.171757,iteración (árboles añadidos),72.000000
Gradient boosting (Fase 2),325,0.639437,0.680596,0.198810,0.171796,iteración (árboles añadidos),72.000000
Gradient boosting (Fase 2),326,0.639407,0.680591,0.198698,0.171878,iteración (árboles añadidos),72.000000
Gradient boosting (Fase 2),327,0.639367,0.680614,0.198756,0.171830,iteración (árboles añadidos),72.000000
Gradient boosting (Fase 2),328,0.639262,0.680636,0.198912,0.171768,iteración (árboles añadidos),72.000000
Gradient boosting (Fase 2),329,0.639232,0.680631,0.198705,0.171888,iteración (árboles añadidos),72.000000
Gradient boosting (Fase 2),330,0.639176,0.680627,0.198893,0.171959,iteración (árboles añadidos),72.000000
Gradient boosting (Fase 2),331,0.639148,0.680652,0.198899,0.171968,iteración (árboles añadidos),72.000000
Gradient boosting (Fase 2),332,0.639099,0.680796,0.198994,0.171981,iteración (árboles añadidos),72.000000
Gradient boosting (Fase 2),333,0.639060,0.680795,0.198911,0.171988,iteración (árboles añadidos),72.000000
Gradient boosting (Fase 2),334,0.638985,0.680785,0.198968,0.171984,iteración (árboles añadidos),72.000000
Gradient boosting (Fase 2),335,0.638934,0.680775,0.199032,0.171936,iteración (árboles añadidos),72.000000
Gradient boosting (Fase 2),336,0.638895,0.680790,0.199005,0.172028,iteración (árboles añadidos),72.000000
Gradient boosting (Fase 2),337,0.638793,0.680814,0.199031,0.171995,iteración (árboles añadidos),72.000000
Gradient boosting (Fase 2),338,0.638745,0.680856,0.199039,0.172003,iteración (árboles añadidos),72.000000
Gradient boosting (Fase 2),339,0.638717,0.680850,0.199011,0.172049,iteración (árboles añadidos),72.000000
Gradient boosting (Fase 2),340,0.638679,0.680849,0.199410,0.171990,iteración (árboles añadidos),72.000000
Gradient boosting (Fase 2),341,0.638580,0.680873,0.199466,0.171853,iteración (árboles añadidos),72.000000
Gradient boosting (Fase 2),342,0.638507,0.680864,0.199595,0.171921,iteración (árboles añadidos),72.000000
Gradient boosting (Fase 2),343,0.638454,0.680860,0.199689,0.172070,iteración (árboles añadidos),72.000000
Gradient boosting (Fase 2),344,0.638416,0.680887,0.199543,0.171890,iteración (árboles añadidos),72.000000
Gradient boosting (Fase 2),345,0.638370,0.681031,0.199558,0.171918,iteración (árboles añadidos),72.000000
Gradient boosting (Fase 2),346,0.638299,0.681023,0.199860,0.171971,iteración (árboles añadidos),72.000000
Gradient boosting (Fase 2),347,0.638249,0.681036,0.199941,0.172014,iteración (árboles añadidos),72.000000
Gradient boosting (Fase 2),348,0.638212,0.681027,0.199666,0.171943,iteración (árboles añadidos),72.000000
Gradient boosting (Fase 2),349,0.638115,0.681063,0.199964,0.171948,iteración (árboles añadidos),72.000000
Gradient boosting (Fase 2),350,0.638075,0.681053,0.200537,0.171903,iteración (árboles añadidos),72.000000
Gradient boosting (Fase 2),351,0.638030,0.681196,0.200205,0.171841,iteración (árboles añadidos),72.000000
Gradient boosting (Fase 2),352,0.637960,0.681135,0.200284,0.171978,iteración (árboles añadidos),72.000000
Gradient boosting (Fase 2),353,0.637924,0.681121,0.200062,0.171964,iteración (árboles añadidos),72.000000
Gradient boosting (Fase 2),354,0.637830,0.681159,0.200229,0.171927,iteración (árboles añadidos),72.000000
Gradient boosting (Fase 2),355,0.637781,0.681173,0.200183,0.171940,iteración (árboles añadidos),72.000000
Gradient boosting (Fase 2),356,0.637754,0.681168,0.200254,0.172024,iteración (árboles añadidos),72.000000
Gradient boosting (Fase 2),357,0.637729,0.681193,0.200146,0.172060,iteración (árboles añadidos),72.000000
Gradient boosting (Fase 2),358,0.637678,0.681189,0.200511,0.171890,iteración (árboles añadidos),72.000000
Gradient boosting (Fase 2),359,0.637634,0.681204,0.200945,0.172983,iteración (árboles añadidos),72.000000
Gradient boosting (Fase 2),360,0.637586,0.681229,0.200946,0.172310,iteración (árboles añadidos),72.000000
Gradient boosting (Fase 2),361,0.637536,0.681226,0.200995,0.173318,iteración (árboles añadidos),72.000000
Gradient boosting (Fase 2),362,0.637513,0.681251,0.201019,0.173196,iteración (árboles añadidos),72.000000
Gradient boosting (Fase 2),363,0.637469,0.681393,0.201038,0.173064,iteración (árboles añadidos),72.000000
Gradient boosting (Fase 2),364,0.637434,0.681393,0.201059,0.172908,iteración (árboles añadidos),72.000000
Gradient boosting (Fase 2),365,0.637366,0.681388,0.201299,0.172813,iteración (árboles añadidos),72.000000
Gradient boosting (Fase 2),366,0.637320,0.681391,0.201357,0.172822,iteración (árboles añadidos),72.000000
Gradient boosting (Fase 2),367,0.637296,0.681416,0.201387,0.172658,iteración (árboles añadidos),72.000000
Gradient boosting (Fase 2),368,0.637254,0.681459,0.201259,0.172552,iteración (árboles añadidos),72.000000
Gradient boosting (Fase 2),369,0.637216,0.681449,0.201391,0.172507,iteración (árboles añadidos),72.000000
Gradient boosting (Fase 2),370,0.637182,0.681447,0.201615,0.172575,iteración (árboles añadidos),72.000000
Gradient boosting (Fase 2),371,0.637115,0.681398,0.201640,0.172789,iteración (árboles añadidos),72.000000
Gradient boosting (Fase 2),372,0.637092,0.681408,0.201585,0.172644,iteración (árboles añadidos),72.000000
Gradient boosting (Fase 2),373,0.637046,0.681432,0.201830,0.172770,iteración (árboles añadidos),72.000000
Gradient boosting (Fase 2),374,0.637021,0.681428,0.201856,0.172898,iteración (árboles añadidos),72.000000
Gradient boosting (Fase 2),375,0.636987,0.681377,0.201767,0.173111,iteración (árboles añadidos),72.000000
Gradient boosting (Fase 2),376,0.636941,0.681374,0.202088,0.172972,iteración (árboles añadidos),72.000000
Gradient boosting (Fase 2),377,0.636875,0.681316,0.202145,0.173418,iteración (árboles añadidos),72.000000
Gradient boosting (Fase 2),378,0.636853,0.681341,0.202418,0.173278,iteración (árboles añadidos),72.000000
Gradient boosting (Fase 2),379,0.636818,0.681390,0.202449,0.173201,iteración (árboles añadidos),72.000000
Gradient boosting (Fase 2),380,0.636777,0.681498,0.202501,0.173174,iteración (árboles añadidos),72.000000
Gradient boosting (Fase 2),381,0.636732,0.681513,0.202494,0.173139,iteración (árboles añadidos),72.000000
Gradient boosting (Fase 2),382,0.636687,0.681510,0.202427,0.173069,iteración (árboles añadidos),72.000000
Gradient boosting (Fase 2),383,0.636665,0.681535,0.202391,0.172921,iteración (árboles añadidos),72.000000
Gradient boosting (Fase 2),384,0.636601,0.681534,0.202482,0.172800,iteración (árboles añadidos),72.000000
Gradient boosting (Fase 2),385,0.636567,0.681525,0.202120,0.172915,iteración (árboles añadidos),72.000000
Gradient boosting (Fase 2),386,0.636527,0.681574,0.202066,0.172979,iteración (árboles añadidos),72.000000
Gradient boosting (Fase 2),387,0.636456,0.681539,0.201871,0.172959,iteración (árboles añadidos),72.000000
Gradient boosting (Fase 2),388,0.636411,0.681575,0.202119,0.173009,iteración (árboles añadidos),72.000000
Gradient boosting (Fase 2),389,0.636320,0.681585,0.202221,0.173209,iteración (árboles añadidos),72.000000
Gradient boosting (Fase 2),390,0.636286,0.681634,0.202301,0.173175,iteración (árboles añadidos),72.000000
Gradient boosting (Fase 2),391,0.636250,0.681662,0.202906,0.172987,iteración (árboles añadidos),72.000000
Gradient boosting (Fase 2),392,0.636230,0.681672,0.203171,0.173054,iteración (árboles añadidos),72.000000
Gradient boosting (Fase 2),393,0.636197,0.681594,0.203096,0.172876,iteración (árboles añadidos),72.000000
Gradient boosting (Fase 2),394,0.636134,0.681549,0.202984,0.172910,iteración (árboles añadidos),72.000000
Gradient boosting (Fase 2),395,0.635940,0.681543,0.202954,0.173055,iteración (árboles añadidos),72.000000
Gradient boosting (Fase 2),396,0.635897,0.681542,0.202954,0.173181,iteración (árboles añadidos),72.000000
Gradient boosting (Fase 2),397,0.635877,0.681566,0.203237,0.173117,iteración (árboles añadidos),72.000000
Gradient boosting (Fase 2),398,0.635837,0.681682,0.203621,0.173015,iteración (árboles añadidos),72.000000
Gradient boosting (Fase 2),399,0.635793,0.681718,0.203744,0.173089,iteración (árboles añadidos),72.000000
Gradient boosting (Fase 2),400,0.635760,0.681766,0.203751,0.173051,iteración (árboles añadidos),72.000000
Control: árboles sin regularizar,1,0.679047,0.690021,0.159936,0.123525,iteración (árboles añadidos),
Control: árboles sin regularizar,2,0.667503,0.689051,0.176175,0.125341,iteración (árboles añadidos),
Control: árboles sin regularizar,3,0.657435,0.687486,0.179103,0.129865,iteración (árboles añadidos),
Control: árboles sin regularizar,4,0.647623,0.687403,0.179718,0.130907,iteración (árboles añadidos),
Control: árboles sin regularizar,5,0.638179,0.685683,0.180131,0.130093,iteración (árboles añadidos),
Control: árboles sin regularizar,6,0.629234,0.687708,0.186346,0.132038,iteración (árboles añadidos),
Control: árboles sin regularizar,7,0.621712,0.689811,0.204190,0.133659,iteración (árboles añadidos),
Control: árboles sin regularizar,8,0.613342,0.690807,0.214714,0.135954,iteración (árboles añadidos),
Control: árboles sin regularizar,9,0.605682,0.692830,0.227020,0.137898,iteración (árboles añadidos),
Control: árboles sin regularizar,10,0.599532,0.693602,0.258174,0.151990,iteración (árboles añadidos),
Control: árboles sin regularizar,11,0.592591,0.693889,0.280589,0.165097,iteración (árboles añadidos),
Control: árboles sin regularizar,12,0.587572,0.694355,0.291681,0.164983,iteración (árboles añadidos),
Control: árboles sin regularizar,13,0.579705,0.694701,0.306517,0.164141,iteración (árboles añadidos),
Control: árboles sin regularizar,14,0.572830,0.694837,0.321834,0.170113,iteración (árboles añadidos),
Control: árboles sin regularizar,15,0.567218,0.696499,0.335256,0.165617,iteración (árboles añadidos),
Control: árboles sin regularizar,16,0.560501,0.698972,0.343659,0.171964,iteración (árboles añadidos),
Control: árboles sin regularizar,17,0.554855,0.703590,0.353713,0.172276,iteración (árboles añadidos),
Control: árboles sin regularizar,18,0.548983,0.709011,0.363540,0.168596,iteración (árboles añadidos),
Control: árboles sin regularizar,19,0.544296,0.710706,0.372510,0.169428,iteración (árboles añadidos),
Control: árboles sin regularizar,20,0.539062,0.715733,0.386064,0.167458,iteración (árboles añadidos),
Control: árboles sin regularizar,21,0.531612,0.715917,0.405616,0.167267,iteración (árboles añadidos),
Control: árboles sin regularizar,22,0.526037,0.715420,0.413053,0.168215,iteración (árboles añadidos),
Control: árboles sin regularizar,23,0.521166,0.716308,0.422935,0.168706,iteración (árboles añadidos),
Control: árboles sin regularizar,24,0.515841,0.716444,0.435913,0.171296,iteración (árboles añadidos),
Control: árboles sin regularizar,25,0.510664,0.717612,0.445780,0.170216,iteración (árboles añadidos),
Control: árboles sin regularizar,26,0.504342,0.718505,0.458325,0.167634,iteración (árboles añadidos),
Control: árboles sin regularizar,27,0.500584,0.720435,0.475312,0.167835,iteración (árboles añadidos),
Control: árboles sin regularizar,28,0.496662,0.722440,0.480249,0.166067,iteración (árboles añadidos),
Control: árboles sin regularizar,29,0.491092,0.728078,0.495246,0.163760,iteración (árboles añadidos),
Control: árboles sin regularizar,30,0.487338,0.733024,0.503076,0.159545,iteración (árboles añadidos),
Control: árboles sin regularizar,31,0.483454,0.734786,0.509842,0.159259,iteración (árboles añadidos),
Control: árboles sin regularizar,32,0.479086,0.736704,0.518942,0.159685,iteración (árboles añadidos),
Control: árboles sin regularizar,33,0.475208,0.738920,0.531887,0.158036,iteración (árboles añadidos),
Control: árboles sin regularizar,34,0.471919,0.744002,0.543950,0.155401,iteración (árboles añadidos),
Control: árboles sin regularizar,35,0.466245,0.743075,0.555290,0.155701,iteración (árboles añadidos),
Control: árboles sin regularizar,36,0.462715,0.744862,0.563212,0.156659,iteración (árboles añadidos),
Control: árboles sin regularizar,37,0.460124,0.749152,0.571235,0.155113,iteración (árboles añadidos),
Control: árboles sin regularizar,38,0.456108,0.751757,0.580976,0.154822,iteración (árboles añadidos),
Control: árboles sin regularizar,39,0.451068,0.751182,0.589646,0.154495,iteración (árboles añadidos),
Control: árboles sin regularizar,40,0.447637,0.754788,0.596800,0.154472,iteración (árboles añadidos),
Control: árboles sin regularizar,41,0.444375,0.757632,0.603487,0.154973,iteración (árboles añadidos),
Control: árboles sin regularizar,42,0.440062,0.758503,0.614297,0.154700,iteración (árboles añadidos),
Control: árboles sin regularizar,43,0.437431,0.764873,0.623950,0.148206,iteración (árboles añadidos),
Control: árboles sin regularizar,44,0.433474,0.766682,0.635085,0.147734,iteración (árboles añadidos),
Control: árboles sin regularizar,45,0.430828,0.770515,0.643412,0.145688,iteración (árboles añadidos),
Control: árboles sin regularizar,46,0.427630,0.773030,0.653101,0.146365,iteración (árboles añadidos),
Control: árboles sin regularizar,47,0.424106,0.776499,0.660030,0.140181,iteración (árboles añadidos),
Control: árboles sin regularizar,48,0.421558,0.777707,0.665363,0.140832,iteración (árboles añadidos),
Control: árboles sin regularizar,49,0.419410,0.781279,0.669613,0.138847,iteración (árboles añadidos),
Control: árboles sin regularizar,50,0.417057,0.785100,0.672331,0.137901,iteración (árboles añadidos),
Control: árboles sin regularizar,51,0.414332,0.787321,0.678032,0.137490,iteración (árboles añadidos),
Control: árboles sin regularizar,52,0.411440,0.791988,0.684327,0.135611,iteración (árboles añadidos),
Control: árboles sin regularizar,53,0.408739,0.793699,0.689121,0.135532,iteración (árboles añadidos),
Control: árboles sin regularizar,54,0.404217,0.794545,0.699290,0.135681,iteración (árboles añadidos),
Control: árboles sin regularizar,55,0.400239,0.797752,0.707144,0.134626,iteración (árboles añadidos),
Control: árboles sin regularizar,56,0.397993,0.801990,0.710117,0.133879,iteración (árboles añadidos),
Control: árboles sin regularizar,57,0.396109,0.805592,0.713131,0.133291,iteración (árboles añadidos),
Control: árboles sin regularizar,58,0.392728,0.807788,0.722504,0.133271,iteración (árboles añadidos),
Control: árboles sin regularizar,59,0.390783,0.811707,0.725179,0.132954,iteración (árboles añadidos),
Control: árboles sin regularizar,60,0.388576,0.815356,0.730887,0.133280,iteración (árboles añadidos),
Control: árboles sin regularizar,61,0.385791,0.815743,0.737429,0.133988,iteración (árboles añadidos),
Control: árboles sin regularizar,62,0.381053,0.819458,0.745326,0.133218,iteración (árboles añadidos),
Control: árboles sin regularizar,63,0.378865,0.821308,0.748214,0.133465,iteración (árboles añadidos),
Control: árboles sin regularizar,64,0.374750,0.823249,0.755283,0.134350,iteración (árboles añadidos),
Control: árboles sin regularizar,65,0.372930,0.827940,0.758658,0.134548,iteración (árboles añadidos),
Control: árboles sin regularizar,66,0.370455,0.828343,0.765222,0.135540,iteración (árboles añadidos),
Control: árboles sin regularizar,67,0.367354,0.834910,0.770997,0.134481,iteración (árboles añadidos),
Control: árboles sin regularizar,68,0.365658,0.837986,0.774086,0.134738,iteración (árboles añadidos),
Control: árboles sin regularizar,69,0.363353,0.840023,0.778922,0.135184,iteración (árboles añadidos),
Control: árboles sin regularizar,70,0.361072,0.841596,0.782036,0.135710,iteración (árboles añadidos),
Control: árboles sin regularizar,71,0.357577,0.846791,0.789834,0.135800,iteración (árboles añadidos),
Control: árboles sin regularizar,72,0.355145,0.849137,0.794730,0.135126,iteración (árboles añadidos),
Control: árboles sin regularizar,73,0.353536,0.852737,0.796036,0.134352,iteración (árboles añadidos),
Control: árboles sin regularizar,74,0.350955,0.855986,0.800513,0.134442,iteración (árboles añadidos),
Control: árboles sin regularizar,75,0.349670,0.858672,0.802632,0.134892,iteración (árboles añadidos),
Control: árboles sin regularizar,76,0.347333,0.863450,0.806370,0.134831,iteración (árboles añadidos),
Control: árboles sin regularizar,77,0.345590,0.866675,0.808847,0.135288,iteración (árboles añadidos),
Control: árboles sin regularizar,78,0.343146,0.868573,0.811441,0.135386,iteración (árboles añadidos),
Control: árboles sin regularizar,79,0.341712,0.871924,0.813416,0.134161,iteración (árboles añadidos),
Control: árboles sin regularizar,80,0.340173,0.873612,0.814991,0.133929,iteración (árboles añadidos),
Control: árboles sin regularizar,81,0.338871,0.878773,0.816086,0.133714,iteración (árboles añadidos),
Control: árboles sin regularizar,82,0.335564,0.877753,0.822034,0.134384,iteración (árboles añadidos),
Control: árboles sin regularizar,83,0.333108,0.879418,0.824985,0.134764,iteración (árboles añadidos),
Control: árboles sin regularizar,84,0.331048,0.882488,0.828339,0.132585,iteración (árboles añadidos),
Control: árboles sin regularizar,85,0.329249,0.883006,0.831641,0.133639,iteración (árboles añadidos),
Control: árboles sin regularizar,86,0.325786,0.887801,0.837867,0.132283,iteración (árboles añadidos),
Control: árboles sin regularizar,87,0.324689,0.890189,0.838963,0.132561,iteración (árboles añadidos),
Control: árboles sin regularizar,88,0.321817,0.890026,0.843675,0.133240,iteración (árboles añadidos),
Control: árboles sin regularizar,89,0.320229,0.894338,0.845943,0.132772,iteración (árboles añadidos),
Control: árboles sin regularizar,90,0.318061,0.896265,0.849603,0.133076,iteración (árboles añadidos),
Control: árboles sin regularizar,91,0.316750,0.898748,0.851401,0.132818,iteración (árboles añadidos),
Control: árboles sin regularizar,92,0.313500,0.900543,0.859238,0.134538,iteración (árboles añadidos),
Control: árboles sin regularizar,93,0.312041,0.901819,0.861503,0.134507,iteración (árboles añadidos),
Control: árboles sin regularizar,94,0.309561,0.908807,0.862544,0.133795,iteración (árboles añadidos),
Control: árboles sin regularizar,95,0.306369,0.913583,0.867095,0.133423,iteración (árboles añadidos),
Control: árboles sin regularizar,96,0.305329,0.916583,0.868909,0.133085,iteración (árboles añadidos),
Control: árboles sin regularizar,97,0.304240,0.920863,0.869680,0.132092,iteración (árboles añadidos),
Control: árboles sin regularizar,98,0.302160,0.920682,0.872121,0.131551,iteración (árboles añadidos),
Control: árboles sin regularizar,99,0.301073,0.924312,0.872265,0.131263,iteración (árboles añadidos),
Control: árboles sin regularizar,100,0.298701,0.927721,0.874824,0.130639,iteración (árboles añadidos),
Control: árboles sin regularizar,101,0.297228,0.930519,0.876183,0.129939,iteración (árboles añadidos),
Control: árboles sin regularizar,102,0.295941,0.934385,0.877576,0.129610,iteración (árboles añadidos),
Control: árboles sin regularizar,103,0.294289,0.937946,0.879814,0.129798,iteración (árboles añadidos),
Control: árboles sin regularizar,104,0.292897,0.939943,0.880697,0.129952,iteración (árboles añadidos),
Control: árboles sin regularizar,105,0.291546,0.941067,0.882385,0.129986,iteración (árboles añadidos),
Control: árboles sin regularizar,106,0.290218,0.943078,0.882993,0.130775,iteración (árboles añadidos),
Control: árboles sin regularizar,107,0.287044,0.947679,0.886421,0.132338,iteración (árboles añadidos),
Control: árboles sin regularizar,108,0.285857,0.951050,0.886711,0.131819,iteración (árboles añadidos),
Control: árboles sin regularizar,109,0.285003,0.953516,0.887667,0.131868,iteración (árboles añadidos),
Control: árboles sin regularizar,110,0.282760,0.954403,0.889694,0.131914,iteración (árboles añadidos),
Control: árboles sin regularizar,111,0.281172,0.955826,0.892550,0.132695,iteración (árboles añadidos),
Control: árboles sin regularizar,112,0.278518,0.959076,0.895871,0.131780,iteración (árboles añadidos),
Control: árboles sin regularizar,113,0.277104,0.965080,0.896828,0.130747,iteración (árboles añadidos),
Control: árboles sin regularizar,114,0.276034,0.968098,0.897897,0.129666,iteración (árboles añadidos),
Control: árboles sin regularizar,115,0.275223,0.971048,0.898788,0.129935,iteración (árboles añadidos),
Control: árboles sin regularizar,116,0.273901,0.976252,0.899240,0.129205,iteración (árboles añadidos),
Control: árboles sin regularizar,117,0.271200,0.983695,0.902808,0.128247,iteración (árboles añadidos),
Control: árboles sin regularizar,118,0.269864,0.985109,0.904157,0.128995,iteración (árboles añadidos),
Control: árboles sin regularizar,119,0.267665,0.988696,0.905412,0.128801,iteración (árboles añadidos),
Control: árboles sin regularizar,120,0.266350,0.991899,0.906784,0.128637,iteración (árboles añadidos),
Control: árboles sin regularizar,121,0.264577,0.990886,0.909131,0.129590,iteración (árboles añadidos),
Control: árboles sin regularizar,122,0.262425,0.993919,0.911832,0.130258,iteración (árboles añadidos),
Control: árboles sin regularizar,123,0.259980,0.996379,0.912598,0.130618,iteración (árboles añadidos),
Control: árboles sin regularizar,124,0.256887,1.001070,0.916681,0.130662,iteración (árboles añadidos),
Control: árboles sin regularizar,125,0.254877,1.003082,0.918500,0.131032,iteración (árboles añadidos),
Control: árboles sin regularizar,126,0.253641,1.007327,0.919467,0.130220,iteración (árboles añadidos),
Control: árboles sin regularizar,127,0.252411,1.009941,0.919854,0.129963,iteración (árboles añadidos),
Control: árboles sin regularizar,128,0.250333,1.014332,0.921569,0.129216,iteración (árboles añadidos),
Control: árboles sin regularizar,129,0.247886,1.016529,0.924884,0.129857,iteración (árboles añadidos),
Control: árboles sin regularizar,130,0.246017,1.020028,0.926148,0.130119,iteración (árboles añadidos),
Control: árboles sin regularizar,131,0.244318,1.023502,0.927249,0.130139,iteración (árboles añadidos),
Control: árboles sin regularizar,132,0.243255,1.024807,0.928353,0.130420,iteración (árboles añadidos),
Control: árboles sin regularizar,133,0.242344,1.026535,0.928560,0.130527,iteración (árboles añadidos),
Control: árboles sin regularizar,134,0.240882,1.029035,0.929419,0.130997,iteración (árboles añadidos),
Control: árboles sin regularizar,135,0.239529,1.030262,0.930823,0.130887,iteración (árboles añadidos),
Control: árboles sin regularizar,136,0.237376,1.033524,0.933398,0.130105,iteración (árboles añadidos),
Control: árboles sin regularizar,137,0.235709,1.039314,0.934275,0.130422,iteración (árboles añadidos),
Control: árboles sin regularizar,138,0.234796,1.042395,0.934379,0.130428,iteración (árboles añadidos),
Control: árboles sin regularizar,139,0.233907,1.044551,0.934841,0.130385,iteración (árboles añadidos),
Control: árboles sin regularizar,140,0.233178,1.048522,0.936170,0.130827,iteración (árboles añadidos),
Control: árboles sin regularizar,141,0.231674,1.053138,0.937076,0.131207,iteración (árboles añadidos),
Control: árboles sin regularizar,142,0.229666,1.056286,0.938685,0.131092,iteración (árboles añadidos),
Control: árboles sin regularizar,143,0.228295,1.061949,0.939198,0.130895,iteración (árboles añadidos),
Control: árboles sin regularizar,144,0.227626,1.064854,0.940080,0.131660,iteración (árboles añadidos),
Control: árboles sin regularizar,145,0.226434,1.071073,0.940727,0.125619,iteración (árboles añadidos),
Control: árboles sin regularizar,146,0.225835,1.074309,0.941507,0.125179,iteración (árboles añadidos),
Control: árboles sin regularizar,147,0.224152,1.076646,0.943189,0.125544,iteración (árboles añadidos),
Control: árboles sin regularizar,148,0.223223,1.081317,0.943591,0.125699,iteración (árboles añadidos),
Control: árboles sin regularizar,149,0.222699,1.086456,0.943604,0.125745,iteración (árboles añadidos),
Control: árboles sin regularizar,150,0.220883,1.088718,0.944205,0.125705,iteración (árboles añadidos),
Control: árboles sin regularizar,151,0.220000,1.090366,0.944512,0.125579,iteración (árboles añadidos),
Control: árboles sin regularizar,152,0.219313,1.092202,0.944977,0.125606,iteración (árboles añadidos),
Control: árboles sin regularizar,153,0.218706,1.094650,0.946224,0.125913,iteración (árboles añadidos),
Control: árboles sin regularizar,154,0.216858,1.096298,0.947402,0.126245,iteración (árboles añadidos),
Control: árboles sin regularizar,155,0.216449,1.098670,0.947863,0.125087,iteración (árboles añadidos),
Control: árboles sin regularizar,156,0.214547,1.097433,0.949715,0.126618,iteración (árboles añadidos),
Control: árboles sin regularizar,157,0.214184,1.099106,0.949723,0.126731,iteración (árboles añadidos),
Control: árboles sin regularizar,158,0.213326,1.100411,0.950506,0.126928,iteración (árboles añadidos),
Control: árboles sin regularizar,159,0.212471,1.104702,0.950506,0.127679,iteración (árboles añadidos),
Control: árboles sin regularizar,160,0.211753,1.105894,0.951143,0.127855,iteración (árboles añadidos),
Control: árboles sin regularizar,161,0.210682,1.110290,0.951849,0.127856,iteración (árboles añadidos),
Control: árboles sin regularizar,162,0.209110,1.112238,0.953212,0.127704,iteración (árboles añadidos),
Control: árboles sin regularizar,163,0.208487,1.114550,0.953420,0.127927,iteración (árboles añadidos),
Control: árboles sin regularizar,164,0.207276,1.118082,0.953562,0.128038,iteración (árboles añadidos),
Control: árboles sin regularizar,165,0.206082,1.120056,0.954025,0.133327,iteración (árboles añadidos),
Control: árboles sin regularizar,166,0.204457,1.125951,0.954820,0.133154,iteración (árboles añadidos),
Control: árboles sin regularizar,167,0.202819,1.131965,0.955840,0.132913,iteración (árboles añadidos),
Control: árboles sin regularizar,168,0.202052,1.134629,0.956307,0.133094,iteración (árboles añadidos),
Control: árboles sin regularizar,169,0.201583,1.136322,0.956575,0.133471,iteración (árboles añadidos),
Control: árboles sin regularizar,170,0.200120,1.140356,0.957923,0.132721,iteración (árboles añadidos),
Control: árboles sin regularizar,171,0.199216,1.144418,0.958315,0.133567,iteración (árboles añadidos),
Control: árboles sin regularizar,172,0.197505,1.149089,0.959602,0.133434,iteración (árboles añadidos),
Control: árboles sin regularizar,173,0.196381,1.155942,0.960460,0.132311,iteración (árboles añadidos),
Control: árboles sin regularizar,174,0.194695,1.159606,0.961086,0.132509,iteración (árboles añadidos),
Control: árboles sin regularizar,175,0.194382,1.163126,0.961427,0.132013,iteración (árboles añadidos),
Control: árboles sin regularizar,176,0.193533,1.166711,0.961447,0.132889,iteración (árboles añadidos),
Control: árboles sin regularizar,177,0.192508,1.168388,0.962798,0.133600,iteración (árboles añadidos),
Control: árboles sin regularizar,178,0.191578,1.170442,0.963064,0.133704,iteración (árboles añadidos),
Control: árboles sin regularizar,179,0.190599,1.174530,0.963875,0.133839,iteración (árboles añadidos),
Control: árboles sin regularizar,180,0.189907,1.177189,0.964609,0.133799,iteración (árboles añadidos),
Control: árboles sin regularizar,181,0.188661,1.179521,0.964746,0.133913,iteración (árboles añadidos),
Control: árboles sin regularizar,182,0.188020,1.182498,0.964946,0.133893,iteración (árboles añadidos),
Control: árboles sin regularizar,183,0.187211,1.187739,0.966151,0.134220,iteración (árboles añadidos),
Control: árboles sin regularizar,184,0.186098,1.188415,0.966547,0.133299,iteración (árboles añadidos),
Control: árboles sin regularizar,185,0.184466,1.193985,0.967312,0.132790,iteración (árboles añadidos),
Control: árboles sin regularizar,186,0.183619,1.197019,0.967496,0.131734,iteración (árboles añadidos),
Control: árboles sin regularizar,187,0.182794,1.199439,0.968010,0.131988,iteración (árboles añadidos),
Control: árboles sin regularizar,188,0.180334,1.201408,0.970864,0.134281,iteración (árboles añadidos),
Control: árboles sin regularizar,189,0.179760,1.204192,0.971085,0.132881,iteración (árboles añadidos),
Control: árboles sin regularizar,190,0.178254,1.204772,0.971366,0.132460,iteración (árboles añadidos),
Control: árboles sin regularizar,191,0.176123,1.207295,0.972651,0.133937,iteración (árboles añadidos),
Control: árboles sin regularizar,192,0.174441,1.208467,0.973219,0.135010,iteración (árboles añadidos),
Control: árboles sin regularizar,193,0.172510,1.211987,0.973299,0.135625,iteración (árboles añadidos),
Control: árboles sin regularizar,194,0.170987,1.215466,0.973924,0.136598,iteración (árboles añadidos),
Control: árboles sin regularizar,195,0.170485,1.217308,0.974020,0.136879,iteración (árboles añadidos),
Control: árboles sin regularizar,196,0.169865,1.218315,0.974092,0.137348,iteración (árboles añadidos),
Control: árboles sin regularizar,197,0.168430,1.220135,0.974984,0.137370,iteración (árboles añadidos),
Control: árboles sin regularizar,198,0.167367,1.220607,0.975864,0.137620,iteración (árboles añadidos),
Control: árboles sin regularizar,199,0.167097,1.221734,0.975880,0.137693,iteración (árboles añadidos),
Control: árboles sin regularizar,200,0.165896,1.224963,0.976270,0.137658,iteración (árboles añadidos),
Control: árboles sin regularizar,201,0.164665,1.226705,0.976773,0.137631,iteración (árboles añadidos),
Control: árboles sin regularizar,202,0.163410,1.228392,0.977497,0.137974,iteración (árboles añadidos),
Control: árboles sin regularizar,203,0.162981,1.231231,0.977545,0.141454,iteración (árboles añadidos),
Control: árboles sin regularizar,204,0.161782,1.238046,0.977980,0.140440,iteración (árboles añadidos),
Control: árboles sin regularizar,205,0.160837,1.243729,0.978176,0.140702,iteración (árboles añadidos),
Control: árboles sin regularizar,206,0.159556,1.245454,0.979880,0.140516,iteración (árboles añadidos),
Control: árboles sin regularizar,207,0.158809,1.250098,0.980264,0.140799,iteración (árboles añadidos),
Control: árboles sin regularizar,208,0.158355,1.252338,0.980385,0.140948,iteración (árboles añadidos),
Control: árboles sin regularizar,209,0.156535,1.255055,0.980901,0.141501,iteración (árboles añadidos),
Control: árboles sin regularizar,210,0.156211,1.256859,0.980930,0.141693,iteración (árboles añadidos),
Control: árboles sin regularizar,211,0.154815,1.259332,0.981225,0.141907,iteración (árboles añadidos),
Control: árboles sin regularizar,212,0.154430,1.261904,0.981229,0.141959,iteración (árboles añadidos),
Control: árboles sin regularizar,213,0.153998,1.263919,0.981315,0.138557,iteración (árboles añadidos),
Control: árboles sin regularizar,214,0.152840,1.265657,0.981563,0.139047,iteración (árboles añadidos),
Control: árboles sin regularizar,215,0.152401,1.267925,0.981591,0.142298,iteración (árboles añadidos),
Control: árboles sin regularizar,216,0.151749,1.270573,0.981501,0.142954,iteración (árboles añadidos),
Control: árboles sin regularizar,217,0.151220,1.271854,0.981576,0.143343,iteración (árboles añadidos),
Control: árboles sin regularizar,218,0.150014,1.278498,0.982365,0.143804,iteración (árboles añadidos),
Control: árboles sin regularizar,219,0.149329,1.280709,0.982616,0.140712,iteración (árboles añadidos),
Control: árboles sin regularizar,220,0.148071,1.283784,0.982936,0.140532,iteración (árboles añadidos),
Control: árboles sin regularizar,221,0.146647,1.289246,0.983291,0.140669,iteración (árboles añadidos),
Control: árboles sin regularizar,222,0.146468,1.291692,0.983283,0.143584,iteración (árboles añadidos),
Control: árboles sin regularizar,223,0.145248,1.299000,0.983753,0.143542,iteración (árboles añadidos),
Control: árboles sin regularizar,224,0.144927,1.303322,0.984083,0.143037,iteración (árboles añadidos),
Control: árboles sin regularizar,225,0.144479,1.304875,0.984063,0.143046,iteración (árboles añadidos),
Control: árboles sin regularizar,226,0.143589,1.307833,0.984196,0.143118,iteración (árboles añadidos),
Control: árboles sin regularizar,227,0.143191,1.310052,0.984339,0.143219,iteración (árboles añadidos),
Control: árboles sin regularizar,228,0.142011,1.320397,0.984960,0.142343,iteración (árboles añadidos),
Control: árboles sin regularizar,229,0.141675,1.323180,0.984970,0.141678,iteración (árboles añadidos),
Control: árboles sin regularizar,230,0.141404,1.326016,0.985033,0.141721,iteración (árboles añadidos),
Control: árboles sin regularizar,231,0.140622,1.328392,0.985177,0.141639,iteración (árboles añadidos),
Control: árboles sin regularizar,232,0.139738,1.329673,0.985529,0.142136,iteración (árboles añadidos),
Control: árboles sin regularizar,233,0.138937,1.330896,0.985498,0.143033,iteración (árboles añadidos),
Control: árboles sin regularizar,234,0.138116,1.338473,0.985933,0.143359,iteración (árboles añadidos),
Control: árboles sin regularizar,235,0.137472,1.342702,0.986113,0.142841,iteración (árboles añadidos),
Control: árboles sin regularizar,236,0.136736,1.347831,0.986144,0.142876,iteración (árboles añadidos),
Control: árboles sin regularizar,237,0.135996,1.352818,0.986421,0.142242,iteración (árboles añadidos),
Control: árboles sin regularizar,238,0.135486,1.355717,0.986532,0.142667,iteración (árboles añadidos),
Control: árboles sin regularizar,239,0.134987,1.356910,0.986704,0.142375,iteración (árboles añadidos),
Control: árboles sin regularizar,240,0.134037,1.356570,0.987214,0.142405,iteración (árboles añadidos),
Control: árboles sin regularizar,241,0.133249,1.360981,0.987385,0.142385,iteración (árboles añadidos),
Control: árboles sin regularizar,242,0.132520,1.364971,0.987971,0.141645,iteración (árboles añadidos),
Control: árboles sin regularizar,243,0.132101,1.370684,0.987917,0.141236,iteración (árboles añadidos),
Control: árboles sin regularizar,244,0.131086,1.372092,0.988167,0.142540,iteración (árboles añadidos),
Control: árboles sin regularizar,245,0.130764,1.375874,0.988177,0.142371,iteración (árboles añadidos),
Control: árboles sin regularizar,246,0.130245,1.380321,0.988485,0.142173,iteración (árboles añadidos),
Control: árboles sin regularizar,247,0.129149,1.384983,0.988523,0.141689,iteración (árboles añadidos),
Control: árboles sin regularizar,248,0.128985,1.386896,0.988523,0.141139,iteración (árboles añadidos),
Control: árboles sin regularizar,249,0.128423,1.387619,0.988606,0.141299,iteración (árboles añadidos),
Control: árboles sin regularizar,250,0.128030,1.388721,0.988739,0.141337,iteración (árboles añadidos),
Control: árboles sin regularizar,251,0.127003,1.391859,0.988792,0.141492,iteración (árboles añadidos),
Control: árboles sin regularizar,252,0.126275,1.393549,0.988948,0.141480,iteración (árboles añadidos),
Control: árboles sin regularizar,253,0.125514,1.395154,0.989119,0.142915,iteración (árboles añadidos),
Control: árboles sin regularizar,254,0.125126,1.396006,0.989121,0.143024,iteración (árboles añadidos),
Control: árboles sin regularizar,255,0.124165,1.401495,0.989207,0.142670,iteración (árboles añadidos),
Control: árboles sin regularizar,256,0.123765,1.407935,0.989276,0.142674,iteración (árboles añadidos),
Control: árboles sin regularizar,257,0.123180,1.409975,0.989305,0.142710,iteración (árboles añadidos),
Control: árboles sin regularizar,258,0.122746,1.411430,0.989312,0.142914,iteración (árboles añadidos),
Control: árboles sin regularizar,259,0.121759,1.414444,0.989632,0.142882,iteración (árboles añadidos),
Control: árboles sin regularizar,260,0.120645,1.419972,0.989675,0.142368,iteración (árboles añadidos),
Control: árboles sin regularizar,261,0.119664,1.421897,0.989928,0.142096,iteración (árboles añadidos),
Control: árboles sin regularizar,262,0.118761,1.423281,0.990123,0.142012,iteración (árboles añadidos),
Control: árboles sin regularizar,263,0.117995,1.425090,0.990922,0.142072,iteración (árboles añadidos),
Control: árboles sin regularizar,264,0.117576,1.427962,0.990909,0.141737,iteración (árboles añadidos),
Control: árboles sin regularizar,265,0.116986,1.431171,0.991049,0.141779,iteración (árboles añadidos),
Control: árboles sin regularizar,266,0.116489,1.434243,0.991160,0.142438,iteración (árboles añadidos),
Control: árboles sin regularizar,267,0.115999,1.438000,0.991191,0.143181,iteración (árboles añadidos),
Control: árboles sin regularizar,268,0.115273,1.440489,0.991375,0.144040,iteración (árboles añadidos),
Control: árboles sin regularizar,269,0.114541,1.441786,0.991472,0.143904,iteración (árboles añadidos),
Control: árboles sin regularizar,270,0.113963,1.444042,0.991562,0.143873,iteración (árboles añadidos),
Control: árboles sin regularizar,271,0.113308,1.451378,0.991667,0.142902,iteración (árboles añadidos),
Control: árboles sin regularizar,272,0.112487,1.452441,0.991851,0.143202,iteración (árboles añadidos),
Control: árboles sin regularizar,273,0.111980,1.454730,0.991895,0.143196,iteración (árboles añadidos),
Control: árboles sin regularizar,274,0.111391,1.459412,0.991954,0.143099,iteración (árboles añadidos),
Control: árboles sin regularizar,275,0.110553,1.467003,0.992096,0.141724,iteración (árboles añadidos),
Control: árboles sin regularizar,276,0.109625,1.471638,0.992291,0.143041,iteración (árboles añadidos),
Control: árboles sin regularizar,277,0.109078,1.475233,0.992359,0.143306,iteración (árboles añadidos),
Control: árboles sin regularizar,278,0.108868,1.476934,0.992367,0.144276,iteración (árboles añadidos),
Control: árboles sin regularizar,279,0.108271,1.480066,0.992308,0.143390,iteración (árboles añadidos),
Control: árboles sin regularizar,280,0.107626,1.485062,0.992341,0.143413,iteración (árboles añadidos),
Control: árboles sin regularizar,281,0.107105,1.486792,0.992403,0.142976,iteración (árboles añadidos),
Control: árboles sin regularizar,282,0.106298,1.488501,0.992527,0.143133,iteración (árboles añadidos),
Control: árboles sin regularizar,283,0.105613,1.492473,0.992683,0.143777,iteración (árboles añadidos),
Control: árboles sin regularizar,284,0.105094,1.495225,0.992699,0.144119,iteración (árboles añadidos),
Control: árboles sin regularizar,285,0.104402,1.501641,0.992799,0.143347,iteración (árboles añadidos),
Control: árboles sin regularizar,286,0.104027,1.503628,0.992864,0.143857,iteración (árboles añadidos),
Control: árboles sin regularizar,287,0.103359,1.507116,0.992944,0.143685,iteración (árboles añadidos),
Control: árboles sin regularizar,288,0.102933,1.509451,0.992925,0.143609,iteración (árboles añadidos),
Control: árboles sin regularizar,289,0.102403,1.511251,0.993009,0.143723,iteración (árboles añadidos),
Control: árboles sin regularizar,290,0.101663,1.516620,0.993127,0.143112,iteración (árboles añadidos),
Control: árboles sin regularizar,291,0.100947,1.522531,0.993286,0.142485,iteración (árboles añadidos),
Control: árboles sin regularizar,292,0.100457,1.526932,0.993358,0.142363,iteración (árboles añadidos),
Control: árboles sin regularizar,293,0.099930,1.528551,0.993981,0.142219,iteración (árboles añadidos),
Control: árboles sin regularizar,294,0.099498,1.530028,0.993980,0.142329,iteración (árboles añadidos),
Control: árboles sin regularizar,295,0.099061,1.533156,0.993981,0.142298,iteración (árboles añadidos),
Control: árboles sin regularizar,296,0.098535,1.539456,0.993988,0.141758,iteración (árboles añadidos),
Control: árboles sin regularizar,297,0.098002,1.545385,0.993931,0.141183,iteración (árboles añadidos),
Control: árboles sin regularizar,298,0.097511,1.549390,0.993947,0.140705,iteración (árboles añadidos),
Control: árboles sin regularizar,299,0.097122,1.551611,0.993906,0.140759,iteración (árboles añadidos),
Control: árboles sin regularizar,300,0.096746,1.554771,0.993925,0.140923,iteración (árboles añadidos),
Regresión logística (Fase 2),1,0.282785,0.293512,0.159092,0.149377,iteración del optimizador (un entrenamiento por punto),
Regresión logística (Fase 2),2,0.281307,0.292111,0.158400,0.163934,iteración del optimizador (un entrenamiento por punto),
Regresión logística (Fase 2),3,0.281068,0.291805,0.161701,0.166743,iteración del optimizador (un entrenamiento por punto),
Regresión logística (Fase 2),4,0.281324,0.292942,0.159600,0.162849,iteración del optimizador (un entrenamiento por punto),
Regresión logística (Fase 2),5,0.281262,0.292877,0.160126,0.163355,iteración del optimizador (un entrenamiento por punto),
Regresión logística (Fase 2),6,0.281204,0.292693,0.162250,0.166035,iteración del optimizador (un entrenamiento por punto),
Regresión logística (Fase 2),8,0.281235,0.292741,0.161497,0.165759,iteración del optimizador (un entrenamiento por punto),
Regresión logística (Fase 2),10,0.281212,0.292695,0.161646,0.165771,iteración del optimizador (un entrenamiento por punto),
Regresión logística (Fase 2),14,0.281216,0.292693,0.161607,0.165711,iteración del optimizador (un entrenamiento por punto),
Logística híbrida (Fase 2),1,0.346334,0.347682,0.099833,0.105796,iteración del optimizador (un entrenamiento por punto),
Logística híbrida (Fase 2),2,0.320436,0.323262,0.105294,0.110613,iteración del optimizador (un entrenamiento por punto),
Logística híbrida (Fase 2),3,0.291601,0.297471,0.123272,0.126992,iteración del optimizador (un entrenamiento por punto),
Logística híbrida (Fase 2),4,0.289399,0.296033,0.123976,0.127704,iteración del optimizador (un entrenamiento por punto),
Logística híbrida (Fase 2),5,0.290357,0.297051,0.134874,0.140856,iteración del optimizador (un entrenamiento por punto),
Logística híbrida (Fase 2),6,0.290054,0.296693,0.132513,0.143242,iteración del optimizador (un entrenamiento por punto),
Logística híbrida (Fase 2),8,0.290022,0.296692,0.132529,0.143292,iteración del optimizador (un entrenamiento por punto),
