modelo,metrica,n,entrenamiento,entrenamiento_de,validacion,validacion_de,fraccion
Regresión logística,perdida,508,0.223988,0.020393,0.327276,0.010278,0.200000
Regresión logística,perdida,914,0.235594,0.011047,0.317165,0.005724,0.360000
Regresión logística,perdida,1321,0.245762,0.011349,0.313261,0.002734,0.520000
Regresión logística,perdida,1727,0.253794,0.008172,0.309053,0.004373,0.680000
Regresión logística,perdida,2134,0.257415,0.002522,0.307540,0.001454,0.840000
Regresión logística,perdida,2541,0.256344,0.000000,0.306949,0.000000,1.000000
Regresión logística,puntaje,508,0.251995,0.055181,0.112472,0.012394,0.200000
Regresión logística,puntaje,914,0.179546,0.017948,0.105525,0.011620,0.360000
Regresión logística,puntaje,1321,0.168625,0.013506,0.109802,0.012691,0.520000
Regresión logística,puntaje,1727,0.145673,0.004653,0.110940,0.006201,0.680000
Regresión logística,puntaje,2134,0.146716,0.007735,0.112491,0.003833,0.840000
Regresión logística,puntaje,2541,0.139815,0.000001,0.113317,0.000001,1.000000
Gradient boosting,perdida,508,0.514741,0.023838,0.845044,0.059174,0.200000
Gradient boosting,perdida,914,0.509598,0.015458,0.853335,0.059393,0.360000
Gradient boosting,perdida,1321,0.523778,0.009347,0.847426,0.051662,0.520000
Gradient boosting,perdida,1727,0.548446,0.014353,0.817623,0.032710,0.680000
Gradient boosting,perdida,2134,0.555123,0.005154,0.802792,0.009419,0.840000
Gradient boosting,perdida,2541,0.558714,0.000000,0.791890,0.000000,1.000000
Gradient boosting,puntaje,508,0.301511,0.080538,0.105285,0.014971,0.200000
Gradient boosting,puntaje,914,0.291756,0.037686,0.101300,0.012279,0.360000
Gradient boosting,puntaje,1321,0.285006,0.038117,0.096558,0.007288,0.520000
Gradient boosting,puntaje,1727,0.248770,0.016152,0.100202,0.007738,0.680000
Gradient boosting,puntaje,2134,0.243212,0.015229,0.103911,0.005670,0.840000
Gradient boosting,puntaje,2541,0.244953,0.000000,0.103499,0.000000,1.000000
Logística híbrida,perdida,508,0.637301,0.013537,0.734651,0.025735,0.200000
Logística híbrida,perdida,914,0.650623,0.006765,0.707849,0.009242,0.360000
Logística híbrida,perdida,1321,0.660527,0.003940,0.696139,0.006405,0.520000
Logística híbrida,perdida,1727,0.664343,0.004825,0.688709,0.010518,0.680000
Logística híbrida,perdida,2134,0.665655,0.003281,0.690000,0.005634,0.840000
Logística híbrida,perdida,2541,0.667922,0.000000,0.689193,0.000000,1.000000
Logística híbrida,puntaje,508,0.170329,0.029540,0.119827,0.023768,0.200000
Logística híbrida,puntaje,914,0.150773,0.007775,0.117748,0.016010,0.360000
Logística híbrida,puntaje,1321,0.139051,0.015608,0.122664,0.014206,0.520000
Logística híbrida,puntaje,1727,0.133859,0.004048,0.131673,0.017358,0.680000
Logística híbrida,puntaje,2134,0.130571,0.006487,0.125072,0.005033,0.840000
Logística híbrida,puntaje,2541,0.125600,0.000000,0.125164,0.000000,1.000000
