modelo,hiperparametro,valor,puntaje_entrenamiento,puntaje_validacion,perdida_entrenamiento,perdida_validacion,valor_fase2
Regresión logística,C,0.001000,0.085563,0.088183,0.292180,0.298316,0.024189
Regresión logística,C,0.003162,0.085563,0.088183,0.292161,0.298414,0.024189
Regresión logística,C,0.010000,0.154566,0.152226,0.284868,0.294860,0.024189
Regresión logística,C,0.031623,0.164411,0.166747,0.280770,0.292437,0.024189
Regresión logística,C,0.100000,0.163232,0.162274,0.279676,0.292491,0.024189
Regresión logística,C,0.316228,0.163835,0.159228,0.279309,0.292884,0.024189
Regresión logística,C,1.000000,0.163988,0.159424,0.279261,0.293155,0.024189
Regresión logística,C,3.162278,0.163972,0.162151,0.279250,0.293239,0.024189
Regresión logística,C,10.000000,0.164071,0.161932,0.279249,0.293240,0.024189
Gradient boosting,learning_rate,0.005012,0.149246,0.124623,0.677087,0.685854,0.015777
Gradient boosting,learning_rate,0.008913,0.153380,0.127237,0.669547,0.682860,0.015777
Gradient boosting,learning_rate,0.015849,0.167689,0.155167,0.661697,0.680907,0.015777
Gradient boosting,learning_rate,0.028184,0.178785,0.164460,0.653899,0.679610,0.015777
Gradient boosting,learning_rate,0.050119,0.191277,0.168401,0.644986,0.679290,0.015777
Gradient boosting,learning_rate,0.089125,0.202010,0.171109,0.634754,0.682336,0.015777
Gradient boosting,learning_rate,0.158489,0.218236,0.165728,0.618709,0.687452,0.015777
Gradient boosting,learning_rate,0.281838,0.248903,0.163536,0.592438,0.687585,0.015777
Gradient boosting,learning_rate,0.501187,0.281270,0.161162,0.562038,0.723166,0.015777
Logística híbrida,C,0.001000,0.131957,0.141311,0.290502,0.297050,0.001389
Logística híbrida,C,0.003162,0.134373,0.142924,0.288451,0.295620,0.001389
Logística híbrida,C,0.010000,0.139908,0.144601,0.285667,0.294172,0.001389
Logística híbrida,C,0.031623,0.148038,0.151288,0.283125,0.293451,0.001389
Logística híbrida,C,0.100000,0.155846,0.147045,0.281624,0.293503,0.001389
Logística híbrida,C,0.316228,0.157992,0.144179,0.281189,0.293848,0.001389
Logística híbrida,C,1.000000,0.157707,0.143536,0.281116,0.294043,0.001389
Logística híbrida,C,3.162278,0.157024,0.142942,0.281108,0.294207,0.001389
Logística híbrida,C,10.000000,0.157278,0.142642,0.281107,0.294244,0.001389
