variable,shap_medio_abs
atrasos_pension,0.16500466929520943
promedio,0.12157504364581233
anios_permanencia,0.011192217899615811
sede_Mucho Lote 1,0.0020472626457554827
reserva_extraordinaria,0.001971590277475052
subnivel_Inicial,0.0007314249191122677
conducta,0.0007217481731077285
sede_Mucho Lote 2,0.00025992538992443827
hermanos_lemas,0.0
beca,0.0
subnivel_Bachillerato,0.0
subnivel_Educación General Básica,0.0
subnivel_Preparatoria,0.0
pago_origen_en_plazo,0.0
pago_origen_nuevo,0.0
pago_origen_tardio,0.0
